cohort,quarter,date,day_of_quarter,downloads,cum_downloads
control,2017Q1,2017-01-01,1,4974,4974
control,2017Q1,2017-01-02,2,9661,14635
control,2017Q1,2017-01-03,3,16283,30918
control,2017Q1,2017-01-04,4,17777,48695
control,2017Q1,2017-01-05,5,17724,66419
control,2017Q1,2017-01-06,6,16824,83243
control,2017Q1,2017-01-07,7,25467,108710
control,2017Q1,2017-01-08,8,21029,129739
control,2017Q1,2017-01-09,9,33190,162929
control,2017Q1,2017-01-10,10,32373,195302
control,2017Q1,2017-01-11,11,24625,219927
control,2017Q1,2017-01-12,12,24525,244452
control,2017Q1,2017-01-13,13,17742,262194
control,2017Q1,2017-01-14,14,5979,268173
control,2017Q1,2017-01-15,15,7921,276094
control,2017Q1,2017-01-16,16,18466,294560
control,2017Q1,2017-01-17,17,20753,315313
control,2017Q1,2017-01-18,18,21800,337113
control,2017Q1,2017-01-19,19,20084,357197
control,2017Q1,2017-01-20,20,18592,375789
control,2017Q1,2017-01-21,21,7867,383656
control,2017Q1,2017-01-22,22,8251,391907
control,2017Q1,2017-01-23,23,20089,411996
control,2017Q1,2017-01-24,24,22006,434002
control,2017Q1,2017-01-25,25,21424,455426
control,2017Q1,2017-01-26,26,22860,478286
control,2017Q1,2017-01-27,27,20750,499036
control,2017Q1,2017-01-28,28,7085,506121
control,2017Q1,2017-01-29,29,6939,513060
control,2017Q1,2017-01-30,30,21124,534184
control,2017Q1,2017-01-31,31,23667,557851
control,2017Q1,2017-02-01,32,23577,581428
control,2017Q1,2017-02-02,33,22967,604395
control,2017Q1,2017-02-03,34,19623,624018
control,2017Q1,2017-02-04,35,9334,633352
control,2017Q1,2017-02-05,36,8487,641839
control,2017Q1,2017-02-06,37,20783,662622
control,2017Q1,2017-02-07,38,22683,685305
control,2017Q1,2017-02-08,39,23586,708891
control,2017Q1,2017-02-09,40,24887,733778
control,2017Q1,2017-02-10,41,22247,756025
control,2017Q1,2017-02-11,42,8389,764414
control,2017Q1,2017-02-12,43,8236,772650
control,2017Q1,2017-02-13,44,26640,799290
control,2017Q1,2017-02-14,45,27002,826292
control,2017Q1,2017-02-15,46,23846,850138
control,2017Q1,2017-02-16,47,28926,879064
control,2017Q1,2017-02-17,48,26235,905299
control,2017Q1,2017-02-18,49,9318,914617
control,2017Q1,2017-02-19,50,9645,924262
control,2017Q1,2017-02-20,51,23985,948247
control,2017Q1,2017-02-21,52,26969,975216
control,2017Q1,2017-02-22,53,25801,1001017
control,2017Q1,2017-02-23,54,24701,1025718
control,2017Q1,2017-02-24,55,21665,1047383
control,2017Q1,2017-02-25,56,10155,1057538
control,2017Q1,2017-02-26,57,14928,1072466
control,2017Q1,2017-02-27,58,30184,1102650
control,2017Q1,2017-02-28,59,28910,1131560
control,2017Q1,2017-03-01,60,36936,1168496
control,2017Q1,2017-03-02,61,45001,1213497
control,2017Q1,2017-03-03,62,44007,1257504
control,2017Q1,2017-03-04,63,29016,1286520
control,2017Q1,2017-03-05,64,29384,1315904
control,2017Q1,2017-03-06,65,42286,1358190
control,2017Q1,2017-03-07,66,41993,1400183
control,2017Q1,2017-03-08,67,43812,1443995
control,2017Q1,2017-03-09,68,41598,1485593
control,2017Q1,2017-03-10,69,38711,1524304
control,2017Q1,2017-03-11,70,25287,1549591
control,2017Q1,2017-03-12,71,24490,1574081
control,2017Q1,2017-03-13,72,38631,1612712
control,2017Q1,2017-03-14,73,40223,1652935
control,2017Q1,2017-03-15,74,29586,1682521
control,2017Q1,2017-03-16,75,38371,1720892
control,2017Q1,2017-03-17,76,36715,1757607
control,2017Q1,2017-03-18,77,24947,1782554
control,2017Q1,2017-03-19,78,24686,1807240
control,2017Q1,2017-03-20,79,40431,1847671
control,2017Q1,2017-03-21,80,41192,1888863
control,2017Q1,2017-03-22,81,41133,1929996
control,2017Q1,2017-03-23,82,36645,1966641
control,2017Q1,2017-03-24,83,34955,2001596
control,2017Q1,2017-03-25,84,22597,2024193
control,2017Q1,2017-03-26,85,22157,2046350
control,2017Q1,2017-03-27,86,37112,2083462
control,2017Q1,2017-03-28,87,37672,2121134
control,2017Q1,2017-03-29,88,33852,2154986
control,2017Q1,2017-03-30,89,38147,2193133
control,2017Q1,2017-03-31,90,33773,2226906
control,2017Q2,2017-04-01,1,18494,18494
control,2017Q2,2017-04-02,2,18904,37398
control,2017Q2,2017-04-03,3,41759,79157
control,2017Q2,2017-04-04,4,32649,111806
control,2017Q2,2017-04-05,5,26928,138734
control,2017Q2,2017-04-06,6,27014,165748
control,2017Q2,2017-04-07,7,23858,189606
control,2017Q2,2017-04-08,8,9356,198962
control,2017Q2,2017-04-09,9,11358,210320
control,2017Q2,2017-04-10,10,28408,238728
control,2017Q2,2017-04-11,11,28783,267511
control,2017Q2,2017-04-12,12,29868,297379
control,2017Q2,2017-04-13,13,27286,324665
control,2017Q2,2017-04-14,14,19947,344612
control,2017Q2,2017-04-15,15,12546,357158
control,2017Q2,2017-04-16,16,11724,368882
control,2017Q2,2017-04-17,17,22063,390945
control,2017Q2,2017-04-18,18,34285,425230
control,2017Q2,2017-04-19,19,35609,460839
control,2017Q2,2017-04-20,20,29250,490089
control,2017Q2,2017-04-21,21,21289,511378
control,2017Q2,2017-04-22,22,16947,528325
control,2017Q2,2017-04-23,23,25686,554011
control,2017Q2,2017-04-24,24,40676,594687
control,2017Q2,2017-04-25,25,35495,630182
control,2017Q2,2017-04-26,26,30507,660689
control,2017Q2,2017-04-27,27,30653,691342
control,2017Q2,2017-04-28,28,48448,739790
control,2017Q2,2017-04-29,29,18755,758545
control,2017Q2,2017-04-30,30,23236,781781
control,2017Q2,2017-05-01,31,33055,814836
control,2017Q2,2017-05-02,32,31637,846473
control,2017Q2,2017-05-03,33,36955,883428
control,2017Q2,2017-05-04,34,44334,927762
control,2017Q2,2017-05-05,35,37736,965498
control,2017Q2,2017-05-06,36,13886,979384
control,2017Q2,2017-05-07,37,16502,995886
control,2017Q2,2017-05-08,38,29750,1025636
control,2017Q2,2017-05-09,39,32152,1057788
control,2017Q2,2017-05-10,40,31413,1089201
control,2017Q2,2017-05-11,41,41872,1131073
control,2017Q2,2017-05-12,42,42931,1174004
control,2017Q2,2017-05-13,43,13105,1187109
control,2017Q2,2017-05-14,44,10512,1197621
control,2017Q2,2017-05-15,45,29392,1227013
control,2017Q2,2017-05-16,46,35910,1262923
control,2017Q2,2017-05-17,47,35746,1298669
control,2017Q2,2017-05-18,48,32252,1330921
control,2017Q2,2017-05-19,49,23271,1354192
control,2017Q2,2017-05-20,50,7586,1361778
control,2017Q2,2017-05-21,51,7903,1369681
control,2017Q2,2017-05-22,52,23002,1392683
control,2017Q2,2017-05-23,53,26569,1419252
control,2017Q2,2017-05-24,54,25383,1444635
control,2017Q2,2017-05-25,55,22057,1466692
control,2017Q2,2017-05-26,56,20530,1487222
control,2017Q2,2017-05-27,57,6556,1493778
control,2017Q2,2017-05-28,58,7000,1500778
control,2017Q2,2017-05-29,59,16551,1517329
control,2017Q2,2017-05-30,60,24049,1541378
control,2017Q2,2017-05-31,61,25365,1566743
control,2017Q2,2017-06-01,62,29768,1596511
control,2017Q2,2017-06-02,63,28029,1624540
control,2017Q2,2017-06-03,64,11334,1635874
control,2017Q2,2017-06-04,65,7415,1643289
control,2017Q2,2017-06-05,66,23007,1666296
control,2017Q2,2017-06-06,67,30401,1696697
control,2017Q2,2017-06-07,68,31286,1727983
control,2017Q2,2017-06-08,69,29390,1757373
control,2017Q2,2017-06-09,70,27921,1785294
control,2017Q2,2017-06-10,71,10570,1795864
control,2017Q2,2017-06-11,72,9731,1805595
control,2017Q2,2017-06-12,73,27139,1832734
control,2017Q2,2017-06-13,74,29524,1862258
control,2017Q2,2017-06-14,75,30061,1892319
control,2017Q2,2017-06-15,76,28206,1920525
control,2017Q2,2017-06-16,77,24669,1945194
control,2017Q2,2017-06-17,78,8250,1953444
control,2017Q2,2017-06-18,79,7981,1961425
control,2017Q2,2017-06-19,80,27474,1988899
control,2017Q2,2017-06-20,81,29481,2018380
control,2017Q2,2017-06-21,82,31176,2049556
control,2017Q2,2017-06-22,83,30375,2079931
control,2017Q2,2017-06-23,84,23789,2103720
control,2017Q2,2017-06-24,85,8216,2111936
control,2017Q2,2017-06-25,86,7568,2119504
control,2017Q2,2017-06-26,87,24393,2143897
control,2017Q2,2017-06-27,88,27946,2171843
control,2017Q2,2017-06-28,89,26284,2198127
control,2017Q2,2017-06-29,90,25636,2223763
control,2017Q2,2017-06-30,91,21947,2245710
control,2017Q3,2017-07-01,1,6322,6322
control,2017Q3,2017-07-02,2,6861,13183
control,2017Q3,2017-07-03,3,20212,33395
control,2017Q3,2017-07-04,4,21092,54487
control,2017Q3,2017-07-05,5,25386,79873
control,2017Q3,2017-07-06,6,25951,105824
control,2017Q3,2017-07-07,7,21348,127172
control,2017Q3,2017-07-08,8,5615,132787
control,2017Q3,2017-07-09,9,6543,139330
control,2017Q3,2017-07-10,10,24361,163691
control,2017Q3,2017-07-11,11,26189,189880
control,2017Q3,2017-07-12,12,27678,217558
control,2017Q3,2017-07-13,13,28496,246054
control,2017Q3,2017-07-14,14,21255,267309
control,2017Q3,2017-07-15,15,5762,273071
control,2017Q3,2017-07-16,16,5973,279044
control,2017Q3,2017-07-17,17,23836,302880
control,2017Q3,2017-07-18,18,30332,333212
control,2017Q3,2017-07-19,19,26624,359836
control,2017Q3,2017-07-20,20,25140,384976
control,2017Q3,2017-07-21,21,21486,406462
control,2017Q3,2017-07-22,22,5907,412369
control,2017Q3,2017-07-23,23,6489,418858
control,2017Q3,2017-07-24,24,24788,443646
control,2017Q3,2017-07-25,25,30804,474450
control,2017Q3,2017-07-26,26,27036,501486
control,2017Q3,2017-07-27,27,26726,528212
control,2017Q3,2017-07-28,28,23016,551228
control,2017Q3,2017-07-29,29,6754,557982
control,2017Q3,2017-07-30,30,7242,565224
control,2017Q3,2017-07-31,31,22981,588205
control,2017Q3,2017-08-01,32,26737,614942
control,2017Q3,2017-08-02,33,31991,646933
control,2017Q3,2017-08-03,34,29388,676321
control,2017Q3,2017-08-04,35,23155,699476
control,2017Q3,2017-08-05,36,8329,707805
control,2017Q3,2017-08-06,37,7753,715558
control,2017Q3,2017-08-07,38,28729,744287
control,2017Q3,2017-08-08,39,36503,780790
control,2017Q3,2017-08-09,40,29971,810761
control,2017Q3,2017-08-10,41,28066,838827
control,2017Q3,2017-08-11,42,24675,863502
control,2017Q3,2017-08-12,43,7992,871494
control,2017Q3,2017-08-13,44,7047,878541
control,2017Q3,2017-08-14,45,25474,904015
control,2017Q3,2017-08-15,46,26613,930628
control,2017Q3,2017-08-16,47,32502,963130
control,2017Q3,2017-08-17,48,29151,992281
control,2017Q3,2017-08-18,49,24613,1016894
control,2017Q3,2017-08-19,50,7437,1024331
control,2017Q3,2017-08-20,51,8501,1032832
control,2017Q3,2017-08-21,52,26334,1059166
control,2017Q3,2017-08-22,53,28816,1087982
control,2017Q3,2017-08-23,54,32599,1120581
control,2017Q3,2017-08-24,55,29278,1149859
control,2017Q3,2017-08-25,56,24234,1174093
control,2017Q3,2017-08-26,57,6923,1181016
control,2017Q3,2017-08-27,58,7835,1188851
control,2017Q3,2017-08-28,59,25908,1214759
control,2017Q3,2017-08-29,60,28826,1243585
control,2017Q3,2017-08-30,61,27958,1271543
control,2017Q3,2017-08-31,62,27033,1298576
control,2017Q3,2017-09-01,63,22397,1320973
control,2017Q3,2017-09-02,64,6937,1327910
control,2017Q3,2017-09-03,65,6687,1334597
control,2017Q3,2017-09-04,66,21250,1355847
control,2017Q3,2017-09-05,67,35949,1391796
control,2017Q3,2017-09-06,68,29240,1421036
control,2017Q3,2017-09-07,69,29000,1450036
control,2017Q3,2017-09-08,70,25366,1475402
control,2017Q3,2017-09-09,71,9375,1484777
control,2017Q3,2017-09-10,72,9719,1494496
control,2017Q3,2017-09-11,73,32183,1526679
control,2017Q3,2017-09-12,74,35987,1562666
control,2017Q3,2017-09-13,75,31862,1594528
control,2017Q3,2017-09-14,76,30017,1624545
control,2017Q3,2017-09-15,77,27533,1652078
control,2017Q3,2017-09-16,78,7863,1659941
control,2017Q3,2017-09-17,79,8140,1668081
control,2017Q3,2017-09-18,80,28630,1696711
control,2017Q3,2017-09-19,81,31563,1728274
control,2017Q3,2017-09-20,82,30326,1758600
control,2017Q3,2017-09-21,83,30648,1789248
control,2017Q3,2017-09-22,84,27247,1816495
control,2017Q3,2017-09-23,85,8026,1824521
control,2017Q3,2017-09-24,86,8837,1833358
control,2017Q3,2017-09-25,87,28948,1862306
control,2017Q3,2017-09-26,88,35004,1897310
control,2017Q3,2017-09-27,89,33441,1930751
control,2017Q3,2017-09-28,90,30517,1961268
control,2017Q3,2017-09-29,91,25588,1986856
control,2017Q3,2017-09-30,92,8572,1995428
control,2017Q4,2017-10-01,1,9229,9229
control,2017Q4,2017-10-02,2,26001,35230
control,2017Q4,2017-10-03,3,30140,65370
control,2017Q4,2017-10-04,4,31997,97367
control,2017Q4,2017-10-05,5,38298,135665
control,2017Q4,2017-10-06,6,36514,172179
control,2017Q4,2017-10-07,7,14887,187066
control,2017Q4,2017-10-08,8,12563,199629
control,2017Q4,2017-10-09,9,31960,231589
control,2017Q4,2017-10-10,10,37379,268968
control,2017Q4,2017-10-11,11,34062,303030
control,2017Q4,2017-10-12,12,33444,336474
control,2017Q4,2017-10-13,13,29877,366351
control,2017Q4,2017-10-14,14,18108,384459
control,2017Q4,2017-10-15,15,14602,399061
control,2017Q4,2017-10-16,16,40676,439737
control,2017Q4,2017-10-17,17,35216,474953
control,2017Q4,2017-10-18,18,33250,508203
control,2017Q4,2017-10-19,19,47271,555474
control,2017Q4,2017-10-20,20,54243,609717
control,2017Q4,2017-10-21,21,23223,632940
control,2017Q4,2017-10-22,22,22597,655537
control,2017Q4,2017-10-23,23,46221,701758
control,2017Q4,2017-10-24,24,50831,752589
control,2017Q4,2017-10-25,25,55284,807873
control,2017Q4,2017-10-26,26,35627,843500
control,2017Q4,2017-10-27,27,36328,879828
control,2017Q4,2017-10-28,28,10384,890212
control,2017Q4,2017-10-29,29,8998,899210
control,2017Q4,2017-10-30,30,30934,930144
control,2017Q4,2017-10-31,31,32416,962560
control,2017Q4,2017-11-01,32,30588,993148
control,2017Q4,2017-11-02,33,35956,1029104
control,2017Q4,2017-11-03,34,32210,1061314
control,2017Q4,2017-11-04,35,8144,1069458
control,2017Q4,2017-11-05,36,9535,1078993
control,2017Q4,2017-11-06,37,31035,1110028
control,2017Q4,2017-11-07,38,33406,1143434
control,2017Q4,2017-11-08,39,34026,1177460
control,2017Q4,2017-11-09,40,34639,1212099
control,2017Q4,2017-11-10,41,29798,1241897
control,2017Q4,2017-11-11,42,12007,1253904
control,2017Q4,2017-11-12,43,11801,1265705
control,2017Q4,2017-11-13,44,34724,1300429
control,2017Q4,2017-11-14,45,38747,1339176
control,2017Q4,2017-11-15,46,38663,1377839
control,2017Q4,2017-11-16,47,37678,1415517
control,2017Q4,2017-11-17,48,33410,1448927
control,2017Q4,2017-11-18,49,11607,1460534
control,2017Q4,2017-11-19,50,11801,1472335
control,2017Q4,2017-11-20,51,32004,1504339
control,2017Q4,2017-11-21,52,37592,1541931
control,2017Q4,2017-11-22,53,40675,1582606
control,2017Q4,2017-11-23,54,24739,1607345
control,2017Q4,2017-11-24,55,21298,1628643
control,2017Q4,2017-11-25,56,8542,1637185
control,2017Q4,2017-11-26,57,9429,1646614
control,2017Q4,2017-11-27,58,30945,1677559
control,2017Q4,2017-11-28,59,38370,1715929
control,2017Q4,2017-11-29,60,34935,1750864
control,2017Q4,2017-11-30,61,33415,1784279
control,2017Q4,2017-12-01,62,33860,1818139
control,2017Q4,2017-12-02,63,16643,1834782
control,2017Q4,2017-12-03,64,17828,1852610
control,2017Q4,2017-12-04,65,40205,1892815
control,2017Q4,2017-12-05,66,39530,1932345
control,2017Q4,2017-12-06,67,33679,1966024
control,2017Q4,2017-12-07,68,33878,1999902
control,2017Q4,2017-12-08,69,27913,2027815
control,2017Q4,2017-12-09,70,9463,2037278
control,2017Q4,2017-12-10,71,10065,2047343
control,2017Q4,2017-12-11,72,32548,2079891
control,2017Q4,2017-12-12,73,38350,2118241
control,2017Q4,2017-12-13,74,34882,2153123
control,2017Q4,2017-12-14,75,33175,2186298
control,2017Q4,2017-12-15,76,28185,2214483
control,2017Q4,2017-12-16,77,10018,2224501
control,2017Q4,2017-12-17,78,9925,2234426
control,2017Q4,2017-12-18,79,31012,2265438
control,2017Q4,2017-12-19,80,33118,2298556
control,2017Q4,2017-12-20,81,34484,2333040
control,2017Q4,2017-12-21,82,30373,2363413
control,2017Q4,2017-12-22,83,22481,2385894
control,2017Q4,2017-12-23,84,8083,2393977
control,2017Q4,2017-12-24,85,7162,2401139
control,2017Q4,2017-12-25,86,8288,2409427
control,2017Q4,2017-12-26,87,13529,2422956
control,2017Q4,2017-12-27,88,17981,2440937
control,2017Q4,2017-12-28,89,18966,2459903
control,2017Q4,2017-12-29,90,17034,2476937
control,2017Q4,2017-12-30,91,8217,2485154
control,2017Q4,2017-12-31,92,7685,2492839
control,2018Q1,2018-01-01,1,8356,8356
control,2018Q1,2018-01-02,2,24851,33207
control,2018Q1,2018-01-03,3,33547,66754
control,2018Q1,2018-01-04,4,31110,97864
control,2018Q1,2018-01-05,5,30096,127960
control,2018Q1,2018-01-06,6,12398,140358
control,2018Q1,2018-01-07,7,11586,151944
control,2018Q1,2018-01-08,8,32313,184257
control,2018Q1,2018-01-09,9,33075,217332
control,2018Q1,2018-01-10,10,36121,253453
control,2018Q1,2018-01-11,11,36551,290004
control,2018Q1,2018-01-12,12,35295,325299
control,2018Q1,2018-01-13,13,11934,337233
control,2018Q1,2018-01-14,14,11962,349195
control,2018Q1,2018-01-15,15,28579,377774
control,2018Q1,2018-01-16,16,40790,418564
control,2018Q1,2018-01-17,17,44468,463032
control,2018Q1,2018-01-18,18,45486,508518
control,2018Q1,2018-01-19,19,34490,543008
control,2018Q1,2018-01-20,20,12889,555897
control,2018Q1,2018-01-21,21,12708,568605
control,2018Q1,2018-01-22,22,43060,611665
control,2018Q1,2018-01-23,23,37689,649354
control,2018Q1,2018-01-24,24,38022,687376
control,2018Q1,2018-01-25,25,53385,740761
control,2018Q1,2018-01-26,26,44143,784904
control,2018Q1,2018-01-27,27,26953,811857
control,2018Q1,2018-01-28,28,26836,838693
control,2018Q1,2018-01-29,29,50778,889471
control,2018Q1,2018-01-30,30,49480,938951
control,2018Q1,2018-01-31,31,49011,987962
control,2018Q1,2018-02-01,32,51579,1039541
control,2018Q1,2018-02-02,33,40166,1079707
control,2018Q1,2018-02-03,34,25166,1104873
control,2018Q1,2018-02-04,35,21236,1126109
control,2018Q1,2018-02-05,36,43441,1169550
control,2018Q1,2018-02-06,37,47575,1217125
control,2018Q1,2018-02-07,38,47521,1264646
control,2018Q1,2018-02-08,39,46313,1310959
control,2018Q1,2018-02-09,40,44746,1355705
control,2018Q1,2018-02-10,41,19349,1375054
control,2018Q1,2018-02-11,42,23870,1398924
control,2018Q1,2018-02-12,43,44897,1443821
control,2018Q1,2018-02-13,44,54084,1497905
control,2018Q1,2018-02-14,45,58549,1556454
control,2018Q1,2018-02-15,46,59084,1615538
control,2018Q1,2018-02-16,47,58437,1673975
control,2018Q1,2018-02-17,48,26333,1700308
control,2018Q1,2018-02-18,49,29645,1729953
control,2018Q1,2018-02-19,50,49251,1779204
control,2018Q1,2018-02-20,51,62995,1842199
control,2018Q1,2018-02-21,52,70529,1912728
control,2018Q1,2018-02-22,53,61514,1974242
control,2018Q1,2018-02-23,54,62663,2036905
control,2018Q1,2018-02-24,55,33839,2070744
control,2018Q1,2018-02-25,56,28801,2099545
control,2018Q1,2018-02-26,57,51412,2150957
control,2018Q1,2018-02-27,58,64909,2215866
control,2018Q1,2018-02-28,59,59935,2275801
control,2018Q1,2018-03-01,60,57850,2333651
control,2018Q1,2018-03-02,61,59779,2393430
control,2018Q1,2018-03-03,62,28210,2421640
control,2018Q1,2018-03-04,63,20723,2442363
control,2018Q1,2018-03-05,64,58351,2500714
control,2018Q1,2018-03-06,65,48398,2549112
control,2018Q1,2018-03-07,66,53568,2602680
control,2018Q1,2018-03-08,67,61171,2663851
control,2018Q1,2018-03-09,68,36888,2700739
control,2018Q1,2018-03-10,69,11394,2712133
control,2018Q1,2018-03-11,70,14680,2726813
control,2018Q1,2018-03-12,71,44843,2771656
control,2018Q1,2018-03-13,72,46230,2817886
control,2018Q1,2018-03-14,73,49571,2867457
control,2018Q1,2018-03-15,74,43961,2911418
control,2018Q1,2018-03-16,75,34400,2945818
control,2018Q1,2018-03-17,76,10063,2955881
control,2018Q1,2018-03-18,77,11721,2967602
control,2018Q1,2018-03-19,78,41511,3009113
control,2018Q1,2018-03-20,79,47901,3057014
control,2018Q1,2018-03-21,80,42256,3099270
control,2018Q1,2018-03-22,81,45209,3144479
control,2018Q1,2018-03-23,82,35643,3180122
control,2018Q1,2018-03-24,83,10871,3190993
control,2018Q1,2018-03-25,84,9882,3200875
control,2018Q1,2018-03-26,85,43272,3244147
control,2018Q1,2018-03-27,86,48622,3292769
control,2018Q1,2018-03-28,87,42282,3335051
control,2018Q1,2018-03-29,88,40183,3375234
control,2018Q1,2018-03-30,89,28030,3403264
control,2018Q1,2018-03-31,90,9383,3412647
control,2018Q2,2018-04-01,1,9566,9566
control,2018Q2,2018-04-02,2,28433,37999
control,2018Q2,2018-04-03,3,40447,78446
control,2018Q2,2018-04-04,4,38396,116842
control,2018Q2,2018-04-05,5,42649,159491
control,2018Q2,2018-04-06,6,35083,194574
control,2018Q2,2018-04-07,7,22564,217138
control,2018Q2,2018-04-08,8,20483,237621
control,2018Q2,2018-04-09,9,48150,285771
control,2018Q2,2018-04-10,10,50552,336323
control,2018Q2,2018-04-11,11,56673,392996
control,2018Q2,2018-04-12,12,59351,452347
control,2018Q2,2018-04-13,13,37005,489352
control,2018Q2,2018-04-14,14,10210,499562
control,2018Q2,2018-04-15,15,11261,510823
control,2018Q2,2018-04-16,16,46384,557207
control,2018Q2,2018-04-17,17,59504,616711
control,2018Q2,2018-04-18,18,49574,666285
control,2018Q2,2018-04-19,19,60274,726559
control,2018Q2,2018-04-20,20,37902,764461
control,2018Q2,2018-04-21,21,12700,777161
control,2018Q2,2018-04-22,22,13757,790918
control,2018Q2,2018-04-23,23,47166,838084
control,2018Q2,2018-04-24,24,47124,885208
control,2018Q2,2018-04-25,25,44588,929796
control,2018Q2,2018-04-26,26,57562,987358
control,2018Q2,2018-04-27,27,44665,1032023
control,2018Q2,2018-04-28,28,30156,1062179
control,2018Q2,2018-04-29,29,19627,1081806
control,2018Q2,2018-04-30,30,40393,1122199
control,2018Q2,2018-05-01,31,35527,1157726
control,2018Q2,2018-05-02,32,43279,1201005
control,2018Q2,2018-05-03,33,43402,1244407
control,2018Q2,2018-05-04,34,40734,1285141
control,2018Q2,2018-05-05,35,17763,1302904
control,2018Q2,2018-05-06,36,13652,1316556
control,2018Q2,2018-05-07,37,65595,1382151
control,2018Q2,2018-05-08,38,46844,1428995
control,2018Q2,2018-05-09,39,57447,1486442
control,2018Q2,2018-05-10,40,62905,1549347
control,2018Q2,2018-05-11,41,45939,1595286
control,2018Q2,2018-05-12,42,30304,1625590
control,2018Q2,2018-05-13,43,20401,1645991
control,2018Q2,2018-05-14,44,72180,1718171
control,2018Q2,2018-05-15,45,57195,1775366
control,2018Q2,2018-05-16,46,50804,1826170
control,2018Q2,2018-05-17,47,54542,1880712
control,2018Q2,2018-05-18,48,51551,1932263
control,2018Q2,2018-05-19,49,19772,1952035
control,2018Q2,2018-05-20,50,19645,1971680
control,2018Q2,2018-05-21,51,60769,2032449
control,2018Q2,2018-05-22,52,64956,2097405
control,2018Q2,2018-05-23,53,51976,2149381
control,2018Q2,2018-05-24,54,56728,2206109
control,2018Q2,2018-05-25,55,39856,2245965
control,2018Q2,2018-05-26,56,1731,2247696
control,2018Q2,2018-05-27,57,1480,2249176
control,2018Q2,2018-05-28,58,5311,2254487
control,2018Q2,2018-05-29,59,26489,2280976
control,2018Q2,2018-05-30,60,48687,2329663
control,2018Q2,2018-05-31,61,45678,2375341
control,2018Q2,2018-06-01,62,46625,2421966
control,2018Q2,2018-06-02,63,13147,2435113
control,2018Q2,2018-06-03,64,12865,2447978
control,2018Q2,2018-06-04,65,56887,2504865
control,2018Q2,2018-06-05,66,53692,2558557
control,2018Q2,2018-06-06,67,49157,2607714
control,2018Q2,2018-06-07,68,46596,2654310
control,2018Q2,2018-06-08,69,39519,2693829
control,2018Q2,2018-06-09,70,12453,2706282
control,2018Q2,2018-06-10,71,12519,2718801
control,2018Q2,2018-06-11,72,49146,2767947
control,2018Q2,2018-06-12,73,52053,2820000
control,2018Q2,2018-06-13,74,49800,2869800
control,2018Q2,2018-06-14,75,58829,2928629
control,2018Q2,2018-06-15,76,40339,2968968
control,2018Q2,2018-06-16,77,12798,2981766
control,2018Q2,2018-06-17,78,12976,2994742
control,2018Q2,2018-06-18,79,44951,3039693
control,2018Q2,2018-06-19,80,66489,3106182
control,2018Q2,2018-06-20,81,50202,3156384
control,2018Q2,2018-06-21,82,60674,3217058
control,2018Q2,2018-06-22,83,41372,3258430
control,2018Q2,2018-06-23,84,14015,3272445
control,2018Q2,2018-06-24,85,13980,3286425
control,2018Q2,2018-06-25,86,45351,3331776
control,2018Q2,2018-06-26,87,62315,3394091
control,2018Q2,2018-06-27,88,48526,3442617
control,2018Q2,2018-06-28,89,47402,3490019
control,2018Q2,2018-06-29,90,40714,3530733
control,2018Q2,2018-06-30,91,16597,3547330
control,2018Q3,2018-07-01,1,12631,12631
control,2018Q3,2018-07-02,2,45518,58149
control,2018Q3,2018-07-03,3,46672,104821
control,2018Q3,2018-07-04,4,34758,139579
control,2018Q3,2018-07-05,5,43565,183144
control,2018Q3,2018-07-06,6,37800,220944
control,2018Q3,2018-07-07,7,15744,236688
control,2018Q3,2018-07-08,8,26488,263176
control,2018Q3,2018-07-09,9,59759,322935
control,2018Q3,2018-07-10,10,54953,377888
control,2018Q3,2018-07-11,11,48874,426762
control,2018Q3,2018-07-12,12,61896,488658
control,2018Q3,2018-07-13,13,52948,541606
control,2018Q3,2018-07-14,14,24614,566220
control,2018Q3,2018-07-15,15,17371,583591
control,2018Q3,2018-07-16,16,50518,634109
control,2018Q3,2018-07-17,17,48643,682752
control,2018Q3,2018-07-18,18,47090,729842
control,2018Q3,2018-07-19,19,48615,778457
control,2018Q3,2018-07-20,20,40243,818700
control,2018Q3,2018-07-21,21,14407,833107
control,2018Q3,2018-07-22,22,15814,848921
control,2018Q3,2018-07-23,23,52927,901848
control,2018Q3,2018-07-24,24,70013,971861
control,2018Q3,2018-07-25,25,55716,1027577
control,2018Q3,2018-07-26,26,60122,1087699
control,2018Q3,2018-07-27,27,40629,1128328
control,2018Q3,2018-07-28,28,13145,1141473
control,2018Q3,2018-07-29,29,13244,1154717
control,2018Q3,2018-07-30,30,47467,1202184
control,2018Q3,2018-07-31,31,53561,1255745
control,2018Q3,2018-08-01,32,49867,1305612
control,2018Q3,2018-08-02,33,47362,1352974
control,2018Q3,2018-08-03,34,39703,1392677
control,2018Q3,2018-08-04,35,12929,1405606
control,2018Q3,2018-08-05,36,12476,1418082
control,2018Q3,2018-08-06,37,48107,1466189
control,2018Q3,2018-08-07,38,53008,1519197
control,2018Q3,2018-08-08,39,51100,1570297
control,2018Q3,2018-08-09,40,48484,1618781
control,2018Q3,2018-08-10,41,43841,1662622
control,2018Q3,2018-08-11,42,16567,1679189
control,2018Q3,2018-08-12,43,16195,1695384
control,2018Q3,2018-08-13,44,52992,1748376
control,2018Q3,2018-08-14,45,49594,1797970
control,2018Q3,2018-08-15,46,53392,1851362
control,2018Q3,2018-08-16,47,54888,1906250
control,2018Q3,2018-08-17,48,42681,1948931
control,2018Q3,2018-08-18,49,14726,1963657
control,2018Q3,2018-08-19,50,15391,1979048
control,2018Q3,2018-08-20,51,47035,2026083
control,2018Q3,2018-08-21,52,50414,2076497
control,2018Q3,2018-08-22,53,58998,2135495
control,2018Q3,2018-08-23,54,58505,2194000
control,2018Q3,2018-08-24,55,42588,2236588
control,2018Q3,2018-08-25,56,12495,2249083
control,2018Q3,2018-08-26,57,12930,2262013
control,2018Q3,2018-08-27,58,49603,2311616
control,2018Q3,2018-08-28,59,52121,2363737
control,2018Q3,2018-08-29,60,47773,2411510
control,2018Q3,2018-08-30,61,51056,2462566
control,2018Q3,2018-08-31,62,40291,2502857
control,2018Q3,2018-09-01,63,10677,2513534
control,2018Q3,2018-09-02,64,12243,2525777
control,2018Q3,2018-09-03,65,31539,2557316
control,2018Q3,2018-09-04,66,46450,2603766
control,2018Q3,2018-09-05,67,50079,2653845
control,2018Q3,2018-09-06,68,51576,2705421
control,2018Q3,2018-09-07,69,48730,2754151
control,2018Q3,2018-09-08,70,20499,2774650
control,2018Q3,2018-09-09,71,18469,2793119
control,2018Q3,2018-09-10,72,60235,2853354
control,2018Q3,2018-09-11,73,58672,2912026
control,2018Q3,2018-09-12,74,57373,2969399
control,2018Q3,2018-09-13,75,56124,3025523
control,2018Q3,2018-09-14,76,45504,3071027
control,2018Q3,2018-09-15,77,17452,3088479
control,2018Q3,2018-09-16,78,19999,3108478
control,2018Q3,2018-09-17,79,53239,3161717
control,2018Q3,2018-09-18,80,55714,3217431
control,2018Q3,2018-09-19,81,53724,3271155
control,2018Q3,2018-09-20,82,59706,3330861
control,2018Q3,2018-09-21,83,60270,3391131
control,2018Q3,2018-09-22,84,16027,3407158
control,2018Q3,2018-09-23,85,15112,3422270
control,2018Q3,2018-09-24,86,51840,3474110
control,2018Q3,2018-09-25,87,70982,3545092
control,2018Q3,2018-09-26,88,64880,3609972
control,2018Q3,2018-09-27,89,67348,3677320
control,2018Q3,2018-09-28,90,60807,3738127
control,2018Q3,2018-09-29,91,19096,3757223
control,2018Q3,2018-09-30,92,25731,3782954
control,2018Q4,2018-10-01,1,76041,76041
control,2018Q4,2018-10-02,2,113291,189332
control,2018Q4,2018-10-03,3,116233,305565
control,2018Q4,2018-10-04,4,115620,421185
control,2018Q4,2018-10-05,5,99974,521159
control,2018Q4,2018-10-06,6,64738,585897
control,2018Q4,2018-10-07,7,54087,639984
control,2018Q4,2018-10-08,8,102586,742570
control,2018Q4,2018-10-09,9,100959,843529
control,2018Q4,2018-10-10,10,104612,948141
control,2018Q4,2018-10-11,11,102369,1050510
control,2018Q4,2018-10-12,12,92550,1143060
control,2018Q4,2018-10-13,13,65311,1208371
control,2018Q4,2018-10-14,14,59586,1267957
control,2018Q4,2018-10-15,15,74275,1342232
control,2018Q4,2018-10-16,16,66265,1408497
control,2018Q4,2018-10-17,17,65243,1473740
control,2018Q4,2018-10-18,18,71612,1545352
control,2018Q4,2018-10-19,19,70247,1615599
control,2018Q4,2018-10-20,20,22753,1638352
control,2018Q4,2018-10-21,21,18726,1657078
control,2018Q4,2018-10-22,22,53011,1710089
control,2018Q4,2018-10-23,23,68539,1778628
control,2018Q4,2018-10-24,24,68554,1847182
control,2018Q4,2018-10-25,25,72450,1919632
control,2018Q4,2018-10-26,26,60040,1979672
control,2018Q4,2018-10-27,27,21999,2001671
control,2018Q4,2018-10-28,28,23880,2025551
control,2018Q4,2018-10-29,29,90807,2116358
control,2018Q4,2018-10-30,30,98082,2214440
control,2018Q4,2018-10-31,31,95663,2310103
control,2018Q4,2018-11-01,32,95653,2405756
control,2018Q4,2018-11-02,33,86442,2492198
control,2018Q4,2018-11-03,34,36194,2528392
control,2018Q4,2018-11-04,35,38059,2566451
control,2018Q4,2018-11-05,36,72913,2639364
control,2018Q4,2018-11-06,37,67845,2707209
control,2018Q4,2018-11-07,38,76318,2783527
control,2018Q4,2018-11-08,39,70937,2854464
control,2018Q4,2018-11-09,40,66210,2920674
control,2018Q4,2018-11-10,41,26470,2947144
control,2018Q4,2018-11-11,42,24506,2971650
control,2018Q4,2018-11-12,43,63673,3035323
control,2018Q4,2018-11-13,44,83366,3118689
control,2018Q4,2018-11-14,45,67115,3185804
control,2018Q4,2018-11-15,46,77980,3263784
control,2018Q4,2018-11-16,47,91019,3354803
control,2018Q4,2018-11-17,48,40932,3395735
control,2018Q4,2018-11-18,49,38097,3433832
control,2018Q4,2018-11-19,50,76173,3510005
control,2018Q4,2018-11-20,51,63740,3573745
control,2018Q4,2018-11-21,52,98997,3672742
control,2018Q4,2018-11-22,53,64449,3737191
control,2018Q4,2018-11-23,54,53864,3791055
control,2018Q4,2018-11-24,55,32280,3823335
control,2018Q4,2018-11-25,56,19234,3842569
control,2018Q4,2018-11-26,57,59612,3902181
control,2018Q4,2018-11-27,58,67674,3969855
control,2018Q4,2018-11-28,59,64194,4034049
control,2018Q4,2018-11-29,60,62246,4096295
control,2018Q4,2018-11-30,61,54844,4151139
control,2018Q4,2018-12-01,62,14454,4165593
control,2018Q4,2018-12-02,63,14576,4180169
control,2018Q4,2018-12-03,64,67405,4247574
control,2018Q4,2018-12-04,65,68497,4316071
control,2018Q4,2018-12-05,66,66907,4382978
control,2018Q4,2018-12-06,67,63124,4446102
control,2018Q4,2018-12-07,68,55150,4501252
control,2018Q4,2018-12-08,69,14527,4515779
control,2018Q4,2018-12-09,70,15474,4531253
control,2018Q4,2018-12-10,71,60439,4591692
control,2018Q4,2018-12-11,72,64824,4656516
control,2018Q4,2018-12-12,73,69029,4725545
control,2018Q4,2018-12-13,74,76923,4802468
control,2018Q4,2018-12-14,75,61937,4864405
control,2018Q4,2018-12-15,76,23255,4887660
control,2018Q4,2018-12-16,77,21210,4908870
control,2018Q4,2018-12-17,78,86407,4995277
control,2018Q4,2018-12-18,79,78665,5073942
control,2018Q4,2018-12-19,80,72375,5146317
control,2018Q4,2018-12-20,81,88996,5235313
control,2018Q4,2018-12-21,82,61169,5296482
control,2018Q4,2018-12-22,83,23184,5319666
control,2018Q4,2018-12-23,84,22866,5342532
control,2018Q4,2018-12-24,85,30961,5373493
control,2018Q4,2018-12-25,86,23349,5396842
control,2018Q4,2018-12-26,87,36418,5433260
control,2018Q4,2018-12-27,88,41887,5475147
control,2018Q4,2018-12-28,89,35442,5510589
control,2018Q4,2018-12-29,90,19683,5530272
control,2018Q4,2018-12-30,91,20381,5550653
control,2018Q4,2018-12-31,92,28469,5579122
control,2019Q1,2019-01-01,1,20936,20936
control,2019Q1,2019-01-02,2,63480,84416
control,2019Q1,2019-01-03,3,67002,151418
control,2019Q1,2019-01-04,4,61182,212600
control,2019Q1,2019-01-05,5,14268,226868
control,2019Q1,2019-01-06,6,23921,250789
control,2019Q1,2019-01-07,7,58272,309061
control,2019Q1,2019-01-08,8,69345,378406
control,2019Q1,2019-01-09,9,68054,446460
control,2019Q1,2019-01-10,10,65919,512379
control,2019Q1,2019-01-11,11,65212,577591
control,2019Q1,2019-01-12,12,17888,595479
control,2019Q1,2019-01-13,13,18601,614080
control,2019Q1,2019-01-14,14,67135,681215
control,2019Q1,2019-01-15,15,68620,749835
control,2019Q1,2019-01-16,16,68879,818714
control,2019Q1,2019-01-17,17,77094,895808
control,2019Q1,2019-01-18,18,71058,966866
control,2019Q1,2019-01-19,19,19757,986623
control,2019Q1,2019-01-20,20,15443,1002066
control,2019Q1,2019-01-21,21,61403,1063469
control,2019Q1,2019-01-22,22,69374,1132843
control,2019Q1,2019-01-23,23,76387,1209230
control,2019Q1,2019-01-24,24,71866,1281096
control,2019Q1,2019-01-25,25,62207,1343303
control,2019Q1,2019-01-26,26,15910,1359213
control,2019Q1,2019-01-27,27,16371,1375584
control,2019Q1,2019-01-28,28,65793,1441377
control,2019Q1,2019-01-29,29,81180,1522557
control,2019Q1,2019-01-30,30,79875,1602432
control,2019Q1,2019-01-31,31,80686,1683118
control,2019Q1,2019-02-01,32,61413,1744531
control,2019Q1,2019-02-02,33,15176,1759707
control,2019Q1,2019-02-03,34,14991,1774698
control,2019Q1,2019-02-04,35,62237,1836935
control,2019Q1,2019-02-05,36,68025,1904960
control,2019Q1,2019-02-06,37,70854,1975814
control,2019Q1,2019-02-07,38,74809,2050623
control,2019Q1,2019-02-08,39,69014,2119637
control,2019Q1,2019-02-09,40,17056,2136693
control,2019Q1,2019-02-10,41,17287,2153980
control,2019Q1,2019-02-11,42,82816,2236796
control,2019Q1,2019-02-12,43,98155,2334951
control,2019Q1,2019-02-13,44,84317,2419268
control,2019Q1,2019-02-14,45,77227,2496495
control,2019Q1,2019-02-15,46,69148,2565643
control,2019Q1,2019-02-16,47,16250,2581893
control,2019Q1,2019-02-17,48,15817,2597710
control,2019Q1,2019-02-18,49,63239,2660949
control,2019Q1,2019-02-19,50,80549,2741498
control,2019Q1,2019-02-20,51,80104,2821602
control,2019Q1,2019-02-21,52,81747,2903349
control,2019Q1,2019-02-22,53,67946,2971295
control,2019Q1,2019-02-23,54,16576,2987871
control,2019Q1,2019-02-24,55,16211,3004082
control,2019Q1,2019-02-25,56,74875,3078957
control,2019Q1,2019-02-26,57,81995,3160952
control,2019Q1,2019-02-27,58,78546,3239498
control,2019Q1,2019-02-28,59,77685,3317183
control,2019Q1,2019-03-01,60,71276,3388459
control,2019Q1,2019-03-02,61,18981,3407440
control,2019Q1,2019-03-03,62,17942,3425382
control,2019Q1,2019-03-04,63,85992,3511374
control,2019Q1,2019-03-05,64,91648,3603022
control,2019Q1,2019-03-06,65,86056,3689078
control,2019Q1,2019-03-07,66,98228,3787306
control,2019Q1,2019-03-08,67,68820,3856126
control,2019Q1,2019-03-09,68,17185,3873311
control,2019Q1,2019-03-10,69,16932,3890243
control,2019Q1,2019-03-11,70,80430,3970673
control,2019Q1,2019-03-12,71,86804,4057477
control,2019Q1,2019-03-13,72,106004,4163481
control,2019Q1,2019-03-14,73,102285,4265766
control,2019Q1,2019-03-15,74,76091,4341857
control,2019Q1,2019-03-16,75,20808,4362665
control,2019Q1,2019-03-17,76,21479,4384144
control,2019Q1,2019-03-18,77,47225,4431369
control,2019Q1,2019-03-19,78,92221,4523590
control,2019Q1,2019-03-20,79,88143,4611733
control,2019Q1,2019-03-21,80,92062,4703795
control,2019Q1,2019-03-22,81,84080,4787875
control,2019Q1,2019-03-23,82,32911,4820786
control,2019Q1,2019-03-24,83,26967,4847753
control,2019Q1,2019-03-25,84,96546,4944299
control,2019Q1,2019-03-26,85,103458,5047757
control,2019Q1,2019-03-27,86,106240,5153997
control,2019Q1,2019-03-28,87,92531,5246528
control,2019Q1,2019-03-29,88,77155,5323683
control,2019Q1,2019-03-30,89,30730,5354413
control,2019Q1,2019-03-31,90,22384,5376797
control,2019Q2,2019-04-01,1,94571,94571
control,2019Q2,2019-04-02,2,94334,188905
control,2019Q2,2019-04-03,3,108529,297434
control,2019Q2,2019-04-04,4,90602,388036
control,2019Q2,2019-04-05,5,77186,465222
control,2019Q2,2019-04-06,6,19784,485006
control,2019Q2,2019-04-07,7,19580,504586
control,2019Q2,2019-04-08,8,92227,596813
control,2019Q2,2019-04-09,9,100790,697603
control,2019Q2,2019-04-10,10,108184,805787
control,2019Q2,2019-04-11,11,94548,900335
control,2019Q2,2019-04-12,12,84923,985258
control,2019Q2,2019-04-13,13,20099,1005357
control,2019Q2,2019-04-14,14,18837,1024194
control,2019Q2,2019-04-15,15,94129,1118323
control,2019Q2,2019-04-16,16,103378,1221701
control,2019Q2,2019-04-17,17,100767,1322468
control,2019Q2,2019-04-18,18,92127,1414595
control,2019Q2,2019-04-19,19,54426,1469021
control,2019Q2,2019-04-20,20,18582,1487603
control,2019Q2,2019-04-21,21,18618,1506221
control,2019Q2,2019-04-22,22,70040,1576261
control,2019Q2,2019-04-23,23,100529,1676790
control,2019Q2,2019-04-24,24,98780,1775570
control,2019Q2,2019-04-25,25,101267,1876837
control,2019Q2,2019-04-26,26,81933,1958770
control,2019Q2,2019-04-27,27,22813,1981583
control,2019Q2,2019-04-28,28,18963,2000546
control,2019Q2,2019-04-29,29,87251,2087797
control,2019Q2,2019-04-30,30,87993,2175790
control,2019Q2,2019-05-01,31,64664,2240454
control,2019Q2,2019-05-02,32,87774,2328228
control,2019Q2,2019-05-03,33,78135,2406363
control,2019Q2,2019-05-04,34,20204,2426567
control,2019Q2,2019-05-05,35,19426,2445993
control,2019Q2,2019-05-06,36,86401,2532394
control,2019Q2,2019-05-07,37,100639,2633033
control,2019Q2,2019-05-08,38,97266,2730299
control,2019Q2,2019-05-09,39,95801,2826100
control,2019Q2,2019-05-10,40,82507,2908607
control,2019Q2,2019-05-11,41,19230,2927837
control,2019Q2,2019-05-12,42,19376,2947213
control,2019Q2,2019-05-13,43,94130,3041343
control,2019Q2,2019-05-14,44,99902,3141245
control,2019Q2,2019-05-15,45,97705,3238950
control,2019Q2,2019-05-16,46,98798,3337748
control,2019Q2,2019-05-17,47,87621,3425369
control,2019Q2,2019-05-18,48,18065,3443434
control,2019Q2,2019-05-19,49,18541,3461975
control,2019Q2,2019-05-20,50,94914,3556889
control,2019Q2,2019-05-21,51,115738,3672627
control,2019Q2,2019-05-22,52,103533,3776160
control,2019Q2,2019-05-23,53,108599,3884759
control,2019Q2,2019-05-24,54,88191,3972950
control,2019Q2,2019-05-25,55,21333,3994283
control,2019Q2,2019-05-26,56,20554,4014837
control,2019Q2,2019-05-27,57,70993,4085830
control,2019Q2,2019-05-28,58,99298,4185128
control,2019Q2,2019-05-29,59,127818,4312946
control,2019Q2,2019-05-30,60,96038,4408984
control,2019Q2,2019-05-31,61,87861,4496845
control,2019Q2,2019-06-01,62,24405,4521250
control,2019Q2,2019-06-02,63,22825,4544075
control,2019Q2,2019-06-03,64,101666,4645741
control,2019Q2,2019-06-04,65,107366,4753107
control,2019Q2,2019-06-05,66,109669,4862776
control,2019Q2,2019-06-06,67,111881,4974657
control,2019Q2,2019-06-07,68,99147,5073804
control,2019Q2,2019-06-08,69,21985,5095789
control,2019Q2,2019-06-09,70,19875,5115664
control,2019Q2,2019-06-10,71,94438,5210102
control,2019Q2,2019-06-11,72,114467,5324569
control,2019Q2,2019-06-12,73,111419,5435988
control,2019Q2,2019-06-13,74,115999,5551987
control,2019Q2,2019-06-14,75,102187,5654174
control,2019Q2,2019-06-15,76,23609,5677783
control,2019Q2,2019-06-16,77,22355,5700138
control,2019Q2,2019-06-17,78,105565,5805703
control,2019Q2,2019-06-18,79,117502,5923205
control,2019Q2,2019-06-19,80,113312,6036517
control,2019Q2,2019-06-20,81,111838,6148355
control,2019Q2,2019-06-21,82,97782,6246137
control,2019Q2,2019-06-22,83,21837,6267974
control,2019Q2,2019-06-23,84,24597,6292571
control,2019Q2,2019-06-24,85,106779,6399350
control,2019Q2,2019-06-25,86,119649,6518999
control,2019Q2,2019-06-26,87,117505,6636504
control,2019Q2,2019-06-27,88,111134,6747638
control,2019Q2,2019-06-28,89,91746,6839384
control,2019Q2,2019-06-29,90,23170,6862554
control,2019Q2,2019-06-30,91,23487,6886041
control,2019Q3,2019-07-01,1,105544,105544
control,2019Q3,2019-07-02,2,112456,218000
control,2019Q3,2019-07-03,3,110125,328125
control,2019Q3,2019-07-04,4,83174,411299
control,2019Q3,2019-07-05,5,80241,491540
control,2019Q3,2019-07-06,6,23343,514883
control,2019Q3,2019-07-07,7,23040,537923
control,2019Q3,2019-07-08,8,110891,648814
control,2019Q3,2019-07-09,9,120388,769202
control,2019Q3,2019-07-10,10,119701,888903
control,2019Q3,2019-07-11,11,119368,1008271
control,2019Q3,2019-07-12,12,99592,1107863
control,2019Q3,2019-07-13,13,25085,1132948
control,2019Q3,2019-07-14,14,24790,1157738
control,2019Q3,2019-07-15,15,109602,1267340
control,2019Q3,2019-07-16,16,119565,1386905
control,2019Q3,2019-07-17,17,119014,1505919
control,2019Q3,2019-07-18,18,118344,1624263
control,2019Q3,2019-07-19,19,104664,1728927
control,2019Q3,2019-07-20,20,25438,1754365
control,2019Q3,2019-07-21,21,24356,1778721
control,2019Q3,2019-07-22,22,116788,1895509
control,2019Q3,2019-07-23,23,122960,2018469
control,2019Q3,2019-07-24,24,120028,2138497
control,2019Q3,2019-07-25,25,123711,2262208
control,2019Q3,2019-07-26,26,101124,2363332
control,2019Q3,2019-07-27,27,22612,2385944
control,2019Q3,2019-07-28,28,23564,2409508
control,2019Q3,2019-07-29,29,115146,2524654
control,2019Q3,2019-07-30,30,109252,2633906
control,2019Q3,2019-07-31,31,125420,2759326
control,2019Q3,2019-08-01,32,123262,2882588
control,2019Q3,2019-08-02,33,104545,2987133
control,2019Q3,2019-08-03,34,26085,3013218
control,2019Q3,2019-08-04,35,27143,3040361
control,2019Q3,2019-08-05,36,117865,3158226
control,2019Q3,2019-08-06,37,131484,3289710
control,2019Q3,2019-08-07,38,126296,3416006
control,2019Q3,2019-08-08,39,129386,3545392
control,2019Q3,2019-08-09,40,112839,3658231
control,2019Q3,2019-08-10,41,26939,3685170
control,2019Q3,2019-08-11,42,25142,3710312
control,2019Q3,2019-08-12,43,117192,3827504
control,2019Q3,2019-08-13,44,128657,3956161
control,2019Q3,2019-08-14,45,129386,4085547
control,2019Q3,2019-08-15,46,114416,4199963
control,2019Q3,2019-08-16,47,106659,4306622
control,2019Q3,2019-08-17,48,28321,4334943
control,2019Q3,2019-08-18,49,27608,4362551
control,2019Q3,2019-08-19,50,124384,4486935
control,2019Q3,2019-08-20,51,141224,4628159
control,2019Q3,2019-08-21,52,159515,4787674
control,2019Q3,2019-08-22,53,138020,4925694
control,2019Q3,2019-08-23,54,121514,5047208
control,2019Q3,2019-08-24,55,35253,5082461
control,2019Q3,2019-08-25,56,35426,5117887
control,2019Q3,2019-08-26,57,129337,5247224
control,2019Q3,2019-08-27,58,144964,5392188
control,2019Q3,2019-08-28,59,140965,5533153
control,2019Q3,2019-08-29,60,145609,5678762
control,2019Q3,2019-08-30,61,118596,5797358
control,2019Q3,2019-08-31,62,33426,5830784
control,2019Q3,2019-09-01,63,33875,5864659
control,2019Q3,2019-09-02,64,98431,5963090
control,2019Q3,2019-09-03,65,136621,6099711
control,2019Q3,2019-09-04,66,143985,6243696
control,2019Q3,2019-09-05,67,139639,6383335
control,2019Q3,2019-09-06,68,127908,6511243
control,2019Q3,2019-09-07,69,32987,6544230
control,2019Q3,2019-09-08,70,33160,6577390
control,2019Q3,2019-09-09,71,139049,6716439
control,2019Q3,2019-09-10,72,145049,6861488
control,2019Q3,2019-09-11,73,142745,7004233
control,2019Q3,2019-09-12,74,145887,7150120
control,2019Q3,2019-09-13,75,131604,7281724
control,2019Q3,2019-09-14,76,34399,7316123
control,2019Q3,2019-09-15,77,36250,7352373
control,2019Q3,2019-09-16,78,138094,7490467
control,2019Q3,2019-09-17,79,147820,7638287
control,2019Q3,2019-09-18,80,147804,7786091
control,2019Q3,2019-09-19,81,143998,7930089
control,2019Q3,2019-09-20,82,129233,8059322
control,2019Q3,2019-09-21,83,35619,8094941
control,2019Q3,2019-09-22,84,34724,8129665
control,2019Q3,2019-09-23,85,154080,8283745
control,2019Q3,2019-09-24,86,168590,8452335
control,2019Q3,2019-09-25,87,162663,8614998
control,2019Q3,2019-09-26,88,159853,8774851
control,2019Q3,2019-09-27,89,141275,8916126
control,2019Q3,2019-09-28,90,40668,8956794
control,2019Q3,2019-09-29,91,38275,8995069
control,2019Q3,2019-09-30,92,150503,9145572
control,2019Q4,2019-10-01,1,163419,163419
control,2019Q4,2019-10-02,2,155114,318533
control,2019Q4,2019-10-03,3,146439,464972
control,2019Q4,2019-10-04,4,131025,595997
control,2019Q4,2019-10-05,5,34713,630710
control,2019Q4,2019-10-06,6,32597,663307
control,2019Q4,2019-10-07,7,138502,801809
control,2019Q4,2019-10-08,8,158441,960250
control,2019Q4,2019-10-09,9,152198,1112448
control,2019Q4,2019-10-10,10,153258,1265706
control,2019Q4,2019-10-11,11,136515,1402221
control,2019Q4,2019-10-12,12,39496,1441717
control,2019Q4,2019-10-13,13,36931,1478648
control,2019Q4,2019-10-14,14,135676,1614324
control,2019Q4,2019-10-15,15,159104,1773428
control,2019Q4,2019-10-16,16,163604,1937032
control,2019Q4,2019-10-17,17,156203,2093235
control,2019Q4,2019-10-18,18,137222,2230457
control,2019Q4,2019-10-19,19,34843,2265300
control,2019Q4,2019-10-20,20,34103,2299403
control,2019Q4,2019-10-21,21,157645,2457048
control,2019Q4,2019-10-22,22,168630,2625678
control,2019Q4,2019-10-23,23,166594,2792272
control,2019Q4,2019-10-24,24,174309,2966581
control,2019Q4,2019-10-25,25,151844,3118425
control,2019Q4,2019-10-26,26,38118,3156543
control,2019Q4,2019-10-27,27,37565,3194108
control,2019Q4,2019-10-28,28,157003,3351111
control,2019Q4,2019-10-29,29,172154,3523265
control,2019Q4,2019-10-30,30,173007,3696272
control,2019Q4,2019-10-31,31,164901,3861173
control,2019Q4,2019-11-01,32,134121,3995294
control,2019Q4,2019-11-02,33,37400,4032694
control,2019Q4,2019-11-03,34,39057,4071751
control,2019Q4,2019-11-04,35,156621,4228372
control,2019Q4,2019-11-05,36,179014,4407386
control,2019Q4,2019-11-06,37,185905,4593291
control,2019Q4,2019-11-07,38,180945,4774236
control,2019Q4,2019-11-08,39,159119,4933355
control,2019Q4,2019-11-09,40,41165,4974520
control,2019Q4,2019-11-10,41,39873,5014393
control,2019Q4,2019-11-11,42,153365,5167758
control,2019Q4,2019-11-12,43,180702,5348460
control,2019Q4,2019-11-13,44,190994,5539454
control,2019Q4,2019-11-14,45,178713,5718167
control,2019Q4,2019-11-15,46,161987,5880154
control,2019Q4,2019-11-16,47,42806,5922960
control,2019Q4,2019-11-17,48,42977,5965937
control,2019Q4,2019-11-18,49,172150,6138087
control,2019Q4,2019-11-19,50,194702,6332789
control,2019Q4,2019-11-20,51,185280,6518069
control,2019Q4,2019-11-21,52,188230,6706299
control,2019Q4,2019-11-22,53,164919,6871218
control,2019Q4,2019-11-23,54,48860,6920078
control,2019Q4,2019-11-24,55,44352,6964430
control,2019Q4,2019-11-25,56,179909,7144339
control,2019Q4,2019-11-26,57,183408,7327747
control,2019Q4,2019-11-27,58,173506,7501253
control,2019Q4,2019-11-28,59,142846,7644099
control,2019Q4,2019-11-29,60,122480,7766579
control,2019Q4,2019-11-30,61,46939,7813518
control,2019Q4,2019-12-01,62,51244,7864762
control,2019Q4,2019-12-02,63,172129,8036891
control,2019Q4,2019-12-03,64,181774,8218665
control,2019Q4,2019-12-04,65,178521,8397186
control,2019Q4,2019-12-05,66,177032,8574218
control,2019Q4,2019-12-06,67,150536,8724754
control,2019Q4,2019-12-07,68,43108,8767862
control,2019Q4,2019-12-08,69,41680,8809542
control,2019Q4,2019-12-09,70,177472,8987014
control,2019Q4,2019-12-10,71,186171,9173185
control,2019Q4,2019-12-11,72,183620,9356805
control,2019Q4,2019-12-12,73,186633,9543438
control,2019Q4,2019-12-13,74,161086,9704524
control,2019Q4,2019-12-14,75,46304,9750828
control,2019Q4,2019-12-15,76,44750,9795578
control,2019Q4,2019-12-16,77,191948,9987526
control,2019Q4,2019-12-17,78,197715,10185241
control,2019Q4,2019-12-18,79,177888,10363129
control,2019Q4,2019-12-19,80,174109,10537238
control,2019Q4,2019-12-20,81,142493,10679731
control,2019Q4,2019-12-21,82,41436,10721167
control,2019Q4,2019-12-22,83,37041,10758208
control,2019Q4,2019-12-23,84,114041,10872249
control,2019Q4,2019-12-24,85,82635,10954884
control,2019Q4,2019-12-25,86,47574,11002458
control,2019Q4,2019-12-26,87,86289,11088747
control,2019Q4,2019-12-27,88,92014,11180761
control,2019Q4,2019-12-28,89,39449,11220210
control,2019Q4,2019-12-29,90,40197,11260407
control,2019Q4,2019-12-30,91,101491,11361898
control,2019Q4,2019-12-31,92,78422,11440320
control,2020Q1,2020-01-01,1,40776,40776
control,2020Q1,2020-01-02,2,119076,159852
control,2020Q1,2020-01-03,3,129129,288981
control,2020Q1,2020-01-04,4,43800,332781
control,2020Q1,2020-01-05,5,44414,377195
control,2020Q1,2020-01-06,6,153750,530945
control,2020Q1,2020-01-07,7,173641,704586
control,2020Q1,2020-01-08,8,176559,881145
control,2020Q1,2020-01-09,9,183522,1064667
control,2020Q1,2020-01-10,10,155282,1219949
control,2020Q1,2020-01-11,11,43601,1263550
control,2020Q1,2020-01-12,12,43619,1307169
control,2020Q1,2020-01-13,13,179882,1487051
control,2020Q1,2020-01-14,14,193727,1680778
control,2020Q1,2020-01-15,15,183467,1864245
control,2020Q1,2020-01-16,16,187319,2051564
control,2020Q1,2020-01-17,17,162989,2214553
control,2020Q1,2020-01-18,18,44177,2258730
control,2020Q1,2020-01-19,19,42830,2301560
control,2020Q1,2020-01-20,20,159068,2460628
control,2020Q1,2020-01-21,21,188440,2649068
control,2020Q1,2020-01-22,22,195450,2844518
control,2020Q1,2020-01-23,23,187964,3032482
control,2020Q1,2020-01-24,24,165085,3197567
control,2020Q1,2020-01-25,25,45761,3243328
control,2020Q1,2020-01-26,26,46341,3289669
control,2020Q1,2020-01-27,27,182411,3472080
control,2020Q1,2020-01-28,28,200303,3672383
control,2020Q1,2020-01-29,29,190516,3862899
control,2020Q1,2020-01-30,30,189608,4052507
control,2020Q1,2020-01-31,31,164779,4217286
control,2020Q1,2020-02-01,32,49201,4266487
control,2020Q1,2020-02-02,33,46120,4312607
control,2020Q1,2020-02-03,34,183198,4495805
control,2020Q1,2020-02-04,35,228053,4723858
control,2020Q1,2020-02-05,36,205808,4929666
control,2020Q1,2020-02-06,37,202082,5131748
control,2020Q1,2020-02-07,38,185752,5317500
control,2020Q1,2020-02-08,39,55301,5372801
control,2020Q1,2020-02-09,40,55949,5428750
control,2020Q1,2020-02-10,41,198451,5627201
control,2020Q1,2020-02-11,42,208975,5836176
control,2020Q1,2020-02-12,43,207491,6043667
control,2020Q1,2020-02-13,44,213729,6257396
control,2020Q1,2020-02-14,45,180368,6437764
control,2020Q1,2020-02-15,46,49913,6487677
control,2020Q1,2020-02-16,47,47496,6535173
control,2020Q1,2020-02-17,48,170824,6705997
control,2020Q1,2020-02-18,49,210326,6916323
control,2020Q1,2020-02-19,50,217500,7133823
control,2020Q1,2020-02-20,51,218375,7352198
control,2020Q1,2020-02-21,52,193854,7546052
control,2020Q1,2020-02-22,53,50746,7596798
control,2020Q1,2020-02-23,54,47221,7644019
control,2020Q1,2020-02-24,55,197081,7841100
control,2020Q1,2020-02-25,56,223339,8064439
control,2020Q1,2020-02-26,57,238954,8303393
control,2020Q1,2020-02-27,58,220641,8524034
control,2020Q1,2020-02-28,59,194203,8718237
control,2020Q1,2020-02-29,60,55346,8773583
control,2020Q1,2020-03-01,61,54677,8828260
control,2020Q1,2020-03-02,62,216665,9044925
control,2020Q1,2020-03-03,63,230426,9275351
control,2020Q1,2020-03-04,64,228083,9503434
control,2020Q1,2020-03-05,65,229316,9732750
control,2020Q1,2020-03-06,66,202756,9935506
control,2020Q1,2020-03-07,67,55783,9991289
control,2020Q1,2020-03-08,68,51872,10043161
control,2020Q1,2020-03-09,69,212751,10255912
control,2020Q1,2020-03-10,70,222328,10478240
control,2020Q1,2020-03-11,71,226835,10705075
control,2020Q1,2020-03-12,72,223724,10928799
control,2020Q1,2020-03-13,73,202443,11131242
control,2020Q1,2020-03-14,74,59095,11190337
control,2020Q1,2020-03-15,75,55647,11245984
control,2020Q1,2020-03-16,76,221321,11467305
control,2020Q1,2020-03-17,77,230804,11698109
control,2020Q1,2020-03-18,78,233611,11931720
control,2020Q1,2020-03-19,79,227163,12158883
control,2020Q1,2020-03-20,80,215036,12373919
control,2020Q1,2020-03-21,81,63587,12437506
control,2020Q1,2020-03-22,82,62215,12499721
control,2020Q1,2020-03-23,83,225550,12725271
control,2020Q1,2020-03-24,84,237464,12962735
control,2020Q1,2020-03-25,85,236776,13199511
control,2020Q1,2020-03-26,86,245067,13444578
control,2020Q1,2020-03-27,87,221126,13665704
control,2020Q1,2020-03-28,88,61234,13726938
control,2020Q1,2020-03-29,89,63036,13789974
control,2020Q1,2020-03-30,90,236442,14026416
control,2020Q1,2020-03-31,91,245104,14271520
control,2020Q2,2020-04-01,1,238543,238543
control,2020Q2,2020-04-02,2,239357,477900
control,2020Q2,2020-04-03,3,227262,705162
control,2020Q2,2020-04-04,4,63115,768277
control,2020Q2,2020-04-05,5,68031,836308
control,2020Q2,2020-04-06,6,236455,1072763
control,2020Q2,2020-04-07,7,256579,1329342
control,2020Q2,2020-04-08,8,280260,1609602
control,2020Q2,2020-04-09,9,284219,1893821
control,2020Q2,2020-04-10,10,207358,2101179
control,2020Q2,2020-04-11,11,69187,2170366
control,2020Q2,2020-04-12,12,62776,2233142
control,2020Q2,2020-04-13,13,213990,2447132
control,2020Q2,2020-04-14,14,299242,2746374
control,2020Q2,2020-04-15,15,215606,2961980
control,2020Q2,2020-04-16,16,293371,3255351
control,2020Q2,2020-04-17,17,258582,3513933
control,2020Q2,2020-04-18,18,73300,3587233
control,2020Q2,2020-04-19,19,73638,3660871
control,2020Q2,2020-04-20,20,280566,3941437
control,2020Q2,2020-04-21,21,281709,4223146
control,2020Q2,2020-04-22,22,298864,4522010
control,2020Q2,2020-04-23,23,279205,4801215
control,2020Q2,2020-04-24,24,245005,5046220
control,2020Q2,2020-04-25,25,65423,5111643
control,2020Q2,2020-04-26,26,69217,5180860
control,2020Q2,2020-04-27,27,260301,5441161
control,2020Q2,2020-04-28,28,284775,5725936
control,2020Q2,2020-04-29,29,286757,6012693
control,2020Q2,2020-04-30,30,281808,6294501
control,2020Q2,2020-05-01,31,193148,6487649
control,2020Q2,2020-05-02,32,71155,6558804
control,2020Q2,2020-05-03,33,68093,6626897
control,2020Q2,2020-05-04,34,264932,6891829
control,2020Q2,2020-05-05,35,308371,7200200
control,2020Q2,2020-05-06,36,310849,7511049
control,2020Q2,2020-05-07,37,293761,7804810
control,2020Q2,2020-05-08,38,242196,8047006
control,2020Q2,2020-05-09,39,82987,8129993
control,2020Q2,2020-05-10,40,73367,8203360
control,2020Q2,2020-05-11,41,291430,8494790
control,2020Q2,2020-05-12,42,322340,8817130
control,2020Q2,2020-05-13,43,306640,9123770
control,2020Q2,2020-05-14,44,310300,9434070
control,2020Q2,2020-05-15,45,265933,9700003
control,2020Q2,2020-05-16,46,72823,9772826
control,2020Q2,2020-05-17,47,69072,9841898
control,2020Q2,2020-05-18,48,279627,10121525
control,2020Q2,2020-05-19,49,300403,10421928
control,2020Q2,2020-05-20,50,311862,10733790
control,2020Q2,2020-05-21,51,280119,11013909
control,2020Q2,2020-05-22,52,243734,11257643
control,2020Q2,2020-05-23,53,73029,11330672
control,2020Q2,2020-05-24,54,65025,11395697
control,2020Q2,2020-05-25,55,185662,11581359
control,2020Q2,2020-05-26,56,300002,11881361
control,2020Q2,2020-05-27,57,318060,12199421
control,2020Q2,2020-05-28,58,305933,12505354
control,2020Q2,2020-05-29,59,274873,12780227
control,2020Q2,2020-05-30,60,83107,12863334
control,2020Q2,2020-05-31,61,76952,12940286
control,2020Q2,2020-06-01,62,272733,13213019
control,2020Q2,2020-06-02,63,322344,13535363
control,2020Q2,2020-06-03,64,326556,13861919
control,2020Q2,2020-06-04,65,344079,14205998
control,2020Q2,2020-06-05,66,303415,14509413
control,2020Q2,2020-06-06,67,98452,14607865
control,2020Q2,2020-06-07,68,88837,14696702
control,2020Q2,2020-06-08,69,330851,15027553
control,2020Q2,2020-06-09,70,353549,15381102
control,2020Q2,2020-06-10,71,339390,15720492
control,2020Q2,2020-06-11,72,328489,16048981
control,2020Q2,2020-06-12,73,281858,16330839
control,2020Q2,2020-06-13,74,92960,16423799
control,2020Q2,2020-06-14,75,91586,16515385
control,2020Q2,2020-06-15,76,314708,16830093
control,2020Q2,2020-06-16,77,344365,17174458
control,2020Q2,2020-06-17,78,334256,17508714
control,2020Q2,2020-06-18,79,322167,17830881
control,2020Q2,2020-06-19,80,247434,18078315
control,2020Q2,2020-06-20,81,85836,18164151
control,2020Q2,2020-06-21,82,81823,18245974
control,2020Q2,2020-06-22,83,0,18245974
control,2020Q2,2020-06-23,84,362781,18608755
control,2020Q2,2020-06-24,85,341022,18949777
control,2020Q2,2020-06-25,86,324096,19273873
control,2020Q2,2020-06-26,87,291793,19565666
control,2020Q2,2020-06-27,88,92337,19658003
control,2020Q2,2020-06-28,89,93671,19751674
control,2020Q2,2020-06-29,90,316478,20068152
control,2020Q2,2020-06-30,91,337397,20405549
control,2020Q3,2020-07-01,1,326483,326483
control,2020Q3,2020-07-02,2,324188,650671
control,2020Q3,2020-07-03,3,219255,869926
control,2020Q3,2020-07-04,4,79652,949578
control,2020Q3,2020-07-05,5,86194,1035772
control,2020Q3,2020-07-06,6,310912,1346684
control,2020Q3,2020-07-07,7,334934,1681618
control,2020Q3,2020-07-08,8,336818,2018436
control,2020Q3,2020-07-09,9,321117,2339553
control,2020Q3,2020-07-10,10,297167,2636720
control,2020Q3,2020-07-11,11,86144,2722864
control,2020Q3,2020-07-12,12,81133,2803997
control,2020Q3,2020-07-13,13,309824,3113821
control,2020Q3,2020-07-14,14,340630,3454451
control,2020Q3,2020-07-15,15,334154,3788605
control,2020Q3,2020-07-16,16,348331,4136936
control,2020Q3,2020-07-17,17,290824,4427760
control,2020Q3,2020-07-18,18,93614,4521374
control,2020Q3,2020-07-19,19,84181,4605555
control,2020Q3,2020-07-20,20,335645,4941200
control,2020Q3,2020-07-21,21,354639,5295839
control,2020Q3,2020-07-22,22,334855,5630694
control,2020Q3,2020-07-23,23,327118,5957812
control,2020Q3,2020-07-24,24,313872,6271684
control,2020Q3,2020-07-25,25,86304,6357988
control,2020Q3,2020-07-26,26,87445,6445433
control,2020Q3,2020-07-27,27,326042,6771475
control,2020Q3,2020-07-28,28,355764,7127239
control,2020Q3,2020-07-29,29,377456,7504695
control,2020Q3,2020-07-30,30,344720,7849415
control,2020Q3,2020-07-31,31,292131,8141546
control,2020Q3,2020-08-01,32,90972,8232518
control,2020Q3,2020-08-02,33,83546,8316064
control,2020Q3,2020-08-03,34,319222,8635286
control,2020Q3,2020-08-04,35,346800,8982086
control,2020Q3,2020-08-05,36,339570,9321656
control,2020Q3,2020-08-06,37,355215,9676871
control,2020Q3,2020-08-07,38,323046,9999917
control,2020Q3,2020-08-08,39,109643,10109560
control,2020Q3,2020-08-09,40,106425,10215985
control,2020Q3,2020-08-10,41,351870,10567855
control,2020Q3,2020-08-11,42,367408,10935263
control,2020Q3,2020-08-12,43,383521,11318784
control,2020Q3,2020-08-13,44,384805,11703589
control,2020Q3,2020-08-14,45,329666,12033255
control,2020Q3,2020-08-15,46,110340,12143595
control,2020Q3,2020-08-16,47,103457,12247052
control,2020Q3,2020-08-17,48,347568,12594620
control,2020Q3,2020-08-18,49,397717,12992337
control,2020Q3,2020-08-19,50,378973,13371310
control,2020Q3,2020-08-20,51,376513,13747823
control,2020Q3,2020-08-21,52,346976,14094799
control,2020Q3,2020-08-22,53,122484,14217283
control,2020Q3,2020-08-23,54,115729,14333012
control,2020Q3,2020-08-24,55,378862,14711874
control,2020Q3,2020-08-25,56,404752,15116626
control,2020Q3,2020-08-26,57,414325,15530951
control,2020Q3,2020-08-27,58,404019,15934970
control,2020Q3,2020-08-28,59,360299,16295269
control,2020Q3,2020-08-29,60,129474,16424743
control,2020Q3,2020-08-30,61,122965,16547708
control,2020Q3,2020-08-31,62,398855,16946563
control,2020Q3,2020-09-01,63,424964,17371527
control,2020Q3,2020-09-02,64,414210,17785737
control,2020Q3,2020-09-03,65,409648,18195385
control,2020Q3,2020-09-04,66,338703,18534088
control,2020Q3,2020-09-05,67,107104,18641192
control,2020Q3,2020-09-06,68,114390,18755582
control,2020Q3,2020-09-07,69,287400,19042982
control,2020Q3,2020-09-08,70,278917,19321899
control,2020Q3,2020-09-09,71,404256,19726155
control,2020Q3,2020-09-10,72,431632,20157787
control,2020Q3,2020-09-11,73,379841,20537628
control,2020Q3,2020-09-12,74,127786,20665414
control,2020Q3,2020-09-13,75,117203,20782617
control,2020Q3,2020-09-14,76,397482,21180099
control,2020Q3,2020-09-15,77,418980,21599079
control,2020Q3,2020-09-16,78,417089,22016168
control,2020Q3,2020-09-17,79,416635,22432803
control,2020Q3,2020-09-18,80,377913,22810716
control,2020Q3,2020-09-19,81,116984,22927700
control,2020Q3,2020-09-20,82,107604,23035304
control,2020Q3,2020-09-21,83,430138,23465442
control,2020Q3,2020-09-22,84,457573,23923015
control,2020Q3,2020-09-23,85,432264,24355279
control,2020Q3,2020-09-24,86,442528,24797807
control,2020Q3,2020-09-25,87,378773,25176580
control,2020Q3,2020-09-26,88,121097,25297677
control,2020Q3,2020-09-27,89,119767,25417444
control,2020Q3,2020-09-28,90,407285,25824729
control,2020Q3,2020-09-29,91,446896,26271625
control,2020Q3,2020-09-30,92,432727,26704352
control,2020Q4,2020-10-01,1,417743,417743
control,2020Q4,2020-10-02,2,363520,781263
control,2020Q4,2020-10-03,3,122636,903899
control,2020Q4,2020-10-04,4,123637,1027536
control,2020Q4,2020-10-05,5,403125,1430661
control,2020Q4,2020-10-06,6,470935,1901596
control,2020Q4,2020-10-07,7,443500,2345096
control,2020Q4,2020-10-08,8,457198,2802294
control,2020Q4,2020-10-09,9,387033,3189327
control,2020Q4,2020-10-10,10,139589,3328916
control,2020Q4,2020-10-11,11,129207,3458123
control,2020Q4,2020-10-12,12,385986,3844109
control,2020Q4,2020-10-13,13,454404,4298513
control,2020Q4,2020-10-14,14,438502,4737015
control,2020Q4,2020-10-15,15,446907,5183922
control,2020Q4,2020-10-16,16,391251,5575173
control,2020Q4,2020-10-17,17,130557,5705730
control,2020Q4,2020-10-18,18,132682,5838412
control,2020Q4,2020-10-19,19,443389,6281801
control,2020Q4,2020-10-20,20,466009,6747810
control,2020Q4,2020-10-21,21,463998,7211808
control,2020Q4,2020-10-22,22,466149,7677957
control,2020Q4,2020-10-23,23,399605,8077562
control,2020Q4,2020-10-24,24,134840,8212402
control,2020Q4,2020-10-25,25,130857,8343259
control,2020Q4,2020-10-26,26,427784,8771043
control,2020Q4,2020-10-27,27,488524,9259567
control,2020Q4,2020-10-28,28,460667,9720234
control,2020Q4,2020-10-29,29,463825,10184059
control,2020Q4,2020-10-30,30,377544,10561603
control,2020Q4,2020-10-31,31,109537,10671140
control,2020Q4,2020-11-01,32,118990,10790130
control,2020Q4,2020-11-02,33,408105,11198235
control,2020Q4,2020-11-03,34,439021,11637256
control,2020Q4,2020-11-04,35,428071,12065327
control,2020Q4,2020-11-05,36,460733,12526060
control,2020Q4,2020-11-06,37,391335,12917395
control,2020Q4,2020-11-07,38,114450,13031845
control,2020Q4,2020-11-08,39,109943,13141788
control,2020Q4,2020-11-09,40,428298,13570086
control,2020Q4,2020-11-10,41,452167,14022253
control,2020Q4,2020-11-11,42,406359,14428612
control,2020Q4,2020-11-12,43,434383,14862995
control,2020Q4,2020-11-13,44,399478,15262473
control,2020Q4,2020-11-14,45,121102,15383575
control,2020Q4,2020-11-15,46,114541,15498116
control,2020Q4,2020-11-16,47,424381,15922497
control,2020Q4,2020-11-17,48,458345,16380842
control,2020Q4,2020-11-18,49,459778,16840620
control,2020Q4,2020-11-19,50,465021,17305641
control,2020Q4,2020-11-20,51,418188,17723829
control,2020Q4,2020-11-21,52,120995,17844824
control,2020Q4,2020-11-22,53,119653,17964477
control,2020Q4,2020-11-23,54,430305,18394782
control,2020Q4,2020-11-24,55,465368,18860150
control,2020Q4,2020-11-25,56,434069,19294219
control,2020Q4,2020-11-26,57,346586,19640805
control,2020Q4,2020-11-27,58,278025,19918830
control,2020Q4,2020-11-28,59,102747,20021577
control,2020Q4,2020-11-29,60,112531,20134108
control,2020Q4,2020-11-30,61,414929,20549037
control,2020Q4,2020-12-01,62,461490,21010527
control,2020Q4,2020-12-02,63,467775,21478302
control,2020Q4,2020-12-03,64,460309,21938611
control,2020Q4,2020-12-04,65,396231,22334842
control,2020Q4,2020-12-05,66,121112,22455954
control,2020Q4,2020-12-06,67,113223,22569177
control,2020Q4,2020-12-07,68,437735,23006912
control,2020Q4,2020-12-08,69,467313,23474225
control,2020Q4,2020-12-09,70,470091,23944316
control,2020Q4,2020-12-10,71,481869,24426185
control,2020Q4,2020-12-11,72,425954,24852139
control,2020Q4,2020-12-12,73,121766,24973905
control,2020Q4,2020-12-13,74,113114,25087019
control,2020Q4,2020-12-14,75,458019,25545038
control,2020Q4,2020-12-15,76,474773,26019811
control,2020Q4,2020-12-16,77,511013,26530824
control,2020Q4,2020-12-17,78,475318,27006142
control,2020Q4,2020-12-18,79,411874,27418016
control,2020Q4,2020-12-19,80,125377,27543393
control,2020Q4,2020-12-20,81,114836,27658229
control,2020Q4,2020-12-21,82,390948,28049177
control,2020Q4,2020-12-22,83,408255,28457432
control,2020Q4,2020-12-23,84,363510,28820942
control,2020Q4,2020-12-24,85,219316,29040258
control,2020Q4,2020-12-25,86,120559,29160817
control,2020Q4,2020-12-26,87,100743,29261560
control,2020Q4,2020-12-27,88,119575,29381135
control,2020Q4,2020-12-28,89,277944,29659079
control,2020Q4,2020-12-29,90,287278,29946357
control,2020Q4,2020-12-30,91,278891,30225248
control,2020Q4,2020-12-31,92,204551,30429799
control,2021Q1,2021-01-01,1,125562,125562
control,2021Q1,2021-01-02,2,111294,236856
control,2021Q1,2021-01-03,3,128524,365380
control,2021Q1,2021-01-04,4,434642,800022
control,2021Q1,2021-01-05,5,495305,1295327
control,2021Q1,2021-01-06,6,472347,1767674
control,2021Q1,2021-01-07,7,503828,2271502
control,2021Q1,2021-01-08,8,462366,2733868
control,2021Q1,2021-01-09,9,132763,2866631
control,2021Q1,2021-01-10,10,135270,3001901
control,2021Q1,2021-01-11,11,534283,3536184
control,2021Q1,2021-01-12,12,574386,4110570
control,2021Q1,2021-01-13,13,559428,4669998
control,2021Q1,2021-01-14,14,554480,5224478
control,2021Q1,2021-01-15,15,526208,5750686
control,2021Q1,2021-01-16,16,151157,5901843
control,2021Q1,2021-01-17,17,148417,6050260
control,2021Q1,2021-01-18,18,475391,6525651
control,2021Q1,2021-01-19,19,555170,7080821
control,2021Q1,2021-01-20,20,594744,7675565
control,2021Q1,2021-01-21,21,606234,8281799
control,2021Q1,2021-01-22,22,364615,8646414
control,2021Q1,2021-01-23,23,150591,8797005
control,2021Q1,2021-01-24,24,149866,8946871
control,2021Q1,2021-01-25,25,601394,9548265
control,2021Q1,2021-01-26,26,616077,10164342
control,2021Q1,2021-01-27,27,613248,10777590
control,2021Q1,2021-01-28,28,594236,11371826
control,2021Q1,2021-01-29,29,544803,11916629
control,2021Q1,2021-01-30,30,178960,12095589
control,2021Q1,2021-01-31,31,175254,12270843
control,2021Q1,2021-02-01,32,638774,12909617
control,2021Q1,2021-02-02,33,644052,13553669
control,2021Q1,2021-02-03,34,659127,14212796
control,2021Q1,2021-02-04,35,655992,14868788
control,2021Q1,2021-02-05,36,577931,15446719
control,2021Q1,2021-02-06,37,180426,15627145
control,2021Q1,2021-02-07,38,186843,15813988
control,2021Q1,2021-02-08,39,621825,16435813
control,2021Q1,2021-02-09,40,678459,17114272
control,2021Q1,2021-02-10,41,668871,17783143
control,2021Q1,2021-02-11,42,635714,18418857
control,2021Q1,2021-02-12,43,573519,18992376
control,2021Q1,2021-02-13,44,185765,19178141
control,2021Q1,2021-02-14,45,171731,19349872
control,2021Q1,2021-02-15,46,538783,19888655
control,2021Q1,2021-02-16,47,629534,20518189
control,2021Q1,2021-02-17,48,670127,21188316
control,2021Q1,2021-02-18,49,679302,21867618
control,2021Q1,2021-02-19,50,606666,22474284
control,2021Q1,2021-02-20,51,183836,22658120
control,2021Q1,2021-02-21,52,164335,22822455
control,2021Q1,2021-02-22,53,671616,23494071
control,2021Q1,2021-02-23,54,704786,24198857
control,2021Q1,2021-02-24,55,705001,24903858
control,2021Q1,2021-02-25,56,679713,25583571
control,2021Q1,2021-02-26,57,593615,26177186
control,2021Q1,2021-02-27,58,184878,26362064
control,2021Q1,2021-02-28,59,183095,26545159
control,2021Q1,2021-03-01,60,685236,27230395
control,2021Q1,2021-03-02,61,717823,27948218
control,2021Q1,2021-03-03,62,716417,28664635
control,2021Q1,2021-03-04,63,705401,29370036
control,2021Q1,2021-03-05,64,606287,29976323
control,2021Q1,2021-03-06,65,172331,30148654
control,2021Q1,2021-03-07,66,179173,30327827
control,2021Q1,2021-03-08,67,651146,30978973
control,2021Q1,2021-03-09,68,711280,31690253
control,2021Q1,2021-03-10,69,710960,32401213
control,2021Q1,2021-03-11,70,708993,33110206
control,2021Q1,2021-03-12,71,612963,33723169
control,2021Q1,2021-03-13,72,176265,33899434
control,2021Q1,2021-03-14,73,176395,34075829
control,2021Q1,2021-03-15,74,680569,34756398
control,2021Q1,2021-03-16,75,734329,35490727
control,2021Q1,2021-03-17,76,691521,36182248
control,2021Q1,2021-03-18,77,678051,36860299
control,2021Q1,2021-03-19,78,592660,37452959
control,2021Q1,2021-03-20,79,166937,37619896
control,2021Q1,2021-03-21,80,178013,37797909
control,2021Q1,2021-03-22,81,674889,38472798
control,2021Q1,2021-03-23,82,681043,39153841
control,2021Q1,2021-03-24,83,692924,39846765
control,2021Q1,2021-03-25,84,682957,40529722
control,2021Q1,2021-03-26,85,608867,41138589
control,2021Q1,2021-03-27,86,181601,41320190
control,2021Q1,2021-03-28,87,168932,41489122
control,2021Q1,2021-03-29,88,685119,42174241
control,2021Q1,2021-03-30,89,738042,42912283
control,2021Q1,2021-03-31,90,744596,43656879
control,2021Q2,2021-04-01,1,695895,695895
control,2021Q2,2021-04-02,2,454248,1150143
control,2021Q2,2021-04-03,3,154867,1305010
control,2021Q2,2021-04-04,4,151071,1456081
control,2021Q2,2021-04-05,5,509309,1965390
control,2021Q2,2021-04-06,6,719831,2685221
control,2021Q2,2021-04-07,7,738088,3423309
control,2021Q2,2021-04-08,8,722284,4145593
control,2021Q2,2021-04-09,9,644889,4790482
control,2021Q2,2021-04-10,10,170449,4960931
control,2021Q2,2021-04-11,11,176279,5137210
control,2021Q2,2021-04-12,12,705719,5842929
control,2021Q2,2021-04-13,13,722869,6565798
control,2021Q2,2021-04-14,14,725239,7291037
control,2021Q2,2021-04-15,15,732105,8023142
control,2021Q2,2021-04-16,16,646143,8669285
control,2021Q2,2021-04-17,17,177386,8846671
control,2021Q2,2021-04-18,18,181355,9028026
control,2021Q2,2021-04-19,19,705477,9733503
control,2021Q2,2021-04-20,20,758591,10492094
control,2021Q2,2021-04-21,21,741899,11233993
control,2021Q2,2021-04-22,22,798999,12032992
control,2021Q2,2021-04-23,23,700611,12733603
control,2021Q2,2021-04-24,24,192395,12925998
control,2021Q2,2021-04-25,25,199699,13125697
control,2021Q2,2021-04-26,26,776048,13901745
control,2021Q2,2021-04-27,27,798969,14700714
control,2021Q2,2021-04-28,28,851065,15551779
control,2021Q2,2021-04-29,29,807656,16359435
control,2021Q2,2021-04-30,30,688990,17048425
control,2021Q2,2021-05-01,31,219168,17267593
control,2021Q2,2021-05-02,32,195394,17462987
control,2021Q2,2021-05-03,33,668939,18131926
control,2021Q2,2021-05-04,34,771715,18903641
control,2021Q2,2021-05-05,35,796128,19699769
control,2021Q2,2021-05-06,36,813112,20512881
control,2021Q2,2021-05-07,37,742710,21255591
control,2021Q2,2021-05-08,38,227310,21482901
control,2021Q2,2021-05-09,39,218603,21701504
control,2021Q2,2021-05-10,40,843698,22545202
control,2021Q2,2021-05-11,41,865198,23410400
control,2021Q2,2021-05-12,42,837175,24247575
control,2021Q2,2021-05-13,43,708806,24956381
control,2021Q2,2021-05-14,44,648635,25605016
control,2021Q2,2021-05-15,45,190183,25795199
control,2021Q2,2021-05-16,46,176736,25971935
control,2021Q2,2021-05-17,47,788859,26760794
control,2021Q2,2021-05-18,48,851342,27612136
control,2021Q2,2021-05-19,49,857458,28469594
control,2021Q2,2021-05-20,50,861345,29330939
control,2021Q2,2021-05-21,51,707221,30038160
control,2021Q2,2021-05-22,52,191839,30229999
control,2021Q2,2021-05-23,53,184065,30414064
control,2021Q2,2021-05-24,54,726160,31140224
control,2021Q2,2021-05-25,55,872159,32012383
control,2021Q2,2021-05-26,56,855465,32867848
control,2021Q2,2021-05-27,57,835550,33703398
control,2021Q2,2021-05-28,58,711286,34414684
control,2021Q2,2021-05-29,59,190853,34605537
control,2021Q2,2021-05-30,60,187299,34792836
control,2021Q2,2021-05-31,61,624461,35417297
control,2021Q2,2021-06-01,62,841960,36259257
control,2021Q2,2021-06-02,63,844842,37104099
control,2021Q2,2021-06-03,64,808321,37912420
control,2021Q2,2021-06-04,65,724421,38636841
control,2021Q2,2021-06-05,66,192922,38829763
control,2021Q2,2021-06-06,67,194452,39024215
control,2021Q2,2021-06-07,68,847680,39871895
control,2021Q2,2021-06-08,69,898352,40770247
control,2021Q2,2021-06-09,70,902362,41672609
control,2021Q2,2021-06-10,71,901449,42574058
control,2021Q2,2021-06-11,72,776481,43350539
control,2021Q2,2021-06-12,73,195536,43546075
control,2021Q2,2021-06-13,74,189824,43735899
control,2021Q2,2021-06-14,75,806625,44542524
control,2021Q2,2021-06-15,76,903869,45446393
control,2021Q2,2021-06-16,77,855789,46302182
control,2021Q2,2021-06-17,78,879246,47181428
control,2021Q2,2021-06-18,79,696065,47877493
control,2021Q2,2021-06-19,80,173662,48051155
control,2021Q2,2021-06-20,81,183130,48234285
control,2021Q2,2021-06-21,82,805833,49040118
control,2021Q2,2021-06-22,83,896204,49936322
control,2021Q2,2021-06-23,84,874467,50810789
control,2021Q2,2021-06-24,85,847020,51657809
control,2021Q2,2021-06-25,86,718849,52376658
control,2021Q2,2021-06-26,87,189357,52566015
control,2021Q2,2021-06-27,88,179435,52745450
control,2021Q2,2021-06-28,89,813906,53559356
control,2021Q2,2021-06-29,90,855289,54414645
control,2021Q2,2021-06-30,91,856233,55270878
control,2021Q3,2021-07-01,1,858212,858212
control,2021Q3,2021-07-02,2,696012,1554224
control,2021Q3,2021-07-03,3,178691,1732915
control,2021Q3,2021-07-04,4,174603,1907518
control,2021Q3,2021-07-05,5,652417,2559935
control,2021Q3,2021-07-06,6,791890,3351825
control,2021Q3,2021-07-07,7,844639,4196464
control,2021Q3,2021-07-08,8,814455,5010919
control,2021Q3,2021-07-09,9,695487,5706406
control,2021Q3,2021-07-10,10,180372,5886778
control,2021Q3,2021-07-11,11,183564,6070342
control,2021Q3,2021-07-12,12,789949,6860291
control,2021Q3,2021-07-13,13,832535,7692826
control,2021Q3,2021-07-14,14,779267,8472093
control,2021Q3,2021-07-15,15,805876,9277969
control,2021Q3,2021-07-16,16,682462,9960431
control,2021Q3,2021-07-17,17,183364,10143795
control,2021Q3,2021-07-18,18,180159,10323954
control,2021Q3,2021-07-19,19,761760,11085714
control,2021Q3,2021-07-20,20,786421,11872135
control,2021Q3,2021-07-21,21,787649,12659784
control,2021Q3,2021-07-22,22,771140,13430924
control,2021Q3,2021-07-23,23,662813,14093737
control,2021Q3,2021-07-24,24,181899,14275636
control,2021Q3,2021-07-25,25,173789,14449425
control,2021Q3,2021-07-26,26,767253,15216678
control,2021Q3,2021-07-27,27,848355,16065033
control,2021Q3,2021-07-28,28,836656,16901689
control,2021Q3,2021-07-29,29,826090,17727779
control,2021Q3,2021-07-30,30,705218,18432997
control,2021Q3,2021-07-31,31,186484,18619481
control,2021Q3,2021-08-01,32,212500,18831981
control,2021Q3,2021-08-02,33,765446,19597427
control,2021Q3,2021-08-03,34,831288,20428715
control,2021Q3,2021-08-04,35,855435,21284150
control,2021Q3,2021-08-05,36,836843,22120993
control,2021Q3,2021-08-06,37,728070,22849063
control,2021Q3,2021-08-07,38,185856,23034919
control,2021Q3,2021-08-08,39,183408,23218327
control,2021Q3,2021-08-09,40,792752,24011079
control,2021Q3,2021-08-10,41,812808,24823887
control,2021Q3,2021-08-11,42,875898,25699785
control,2021Q3,2021-08-12,43,854327,26554112
control,2021Q3,2021-08-13,44,734628,27288740
control,2021Q3,2021-08-14,45,188246,27476986
control,2021Q3,2021-08-15,46,188890,27665876
control,2021Q3,2021-08-16,47,780330,28446206
control,2021Q3,2021-08-17,48,835351,29281557
control,2021Q3,2021-08-18,49,871271,30152828
control,2021Q3,2021-08-19,50,868722,31021550
control,2021Q3,2021-08-20,51,726514,31748064
control,2021Q3,2021-08-21,52,190268,31938332
control,2021Q3,2021-08-22,53,188989,32127321
control,2021Q3,2021-08-23,54,840603,32967924
control,2021Q3,2021-08-24,55,894461,33862385
control,2021Q3,2021-08-25,56,885914,34748299
control,2021Q3,2021-08-26,57,888415,35636714
control,2021Q3,2021-08-27,58,755850,36392564
control,2021Q3,2021-08-28,59,194943,36587507
control,2021Q3,2021-08-29,60,196239,36783746
control,2021Q3,2021-08-30,61,794954,37578700
control,2021Q3,2021-08-31,62,914613,38493313
control,2021Q3,2021-09-01,63,937465,39430778
control,2021Q3,2021-09-02,64,892802,40323580
control,2021Q3,2021-09-03,65,735319,41058899
control,2021Q3,2021-09-04,66,192660,41251559
control,2021Q3,2021-09-05,67,199452,41451011
control,2021Q3,2021-09-06,68,638611,42089622
control,2021Q3,2021-09-07,69,832744,42922366
control,2021Q3,2021-09-08,70,917115,43839481
control,2021Q3,2021-09-09,71,936237,44775718
control,2021Q3,2021-09-10,72,798463,45574181
control,2021Q3,2021-09-11,73,193747,45767928
control,2021Q3,2021-09-12,74,184138,45952066
control,2021Q3,2021-09-13,75,875205,46827271
control,2021Q3,2021-09-14,76,950727,47777998
control,2021Q3,2021-09-15,77,971872,48749870
control,2021Q3,2021-09-16,78,935465,49685335
control,2021Q3,2021-09-17,79,826137,50511472
control,2021Q3,2021-09-18,80,223055,50734527
control,2021Q3,2021-09-19,81,201823,50936350
control,2021Q3,2021-09-20,82,887216,51823566
control,2021Q3,2021-09-21,83,1002028,52825594
control,2021Q3,2021-09-22,84,1005316,53830910
control,2021Q3,2021-09-23,85,959912,54790822
control,2021Q3,2021-09-24,86,824980,55615802
control,2021Q3,2021-09-25,87,209018,55824820
control,2021Q3,2021-09-26,88,206472,56031292
control,2021Q3,2021-09-27,89,915553,56946845
control,2021Q3,2021-09-28,90,989711,57936556
control,2021Q3,2021-09-29,91,1002388,58938944
control,2021Q3,2021-09-30,92,937503,59876447
control,2021Q4,2021-10-01,1,800396,800396
control,2021Q4,2021-10-02,2,205800,1006196
control,2021Q4,2021-10-03,3,203252,1209448
control,2021Q4,2021-10-04,4,901975,2111423
control,2021Q4,2021-10-05,5,965324,3076747
control,2021Q4,2021-10-06,6,977102,4053849
control,2021Q4,2021-10-07,7,954712,5008561
control,2021Q4,2021-10-08,8,824583,5833144
control,2021Q4,2021-10-09,9,214756,6047900
control,2021Q4,2021-10-10,10,209181,6257081
control,2021Q4,2021-10-11,11,840455,7097536
control,2021Q4,2021-10-12,12,945098,8042634
control,2021Q4,2021-10-13,13,996769,9039403
control,2021Q4,2021-10-14,14,982600,10022003
control,2021Q4,2021-10-15,15,798402,10820405
control,2021Q4,2021-10-16,16,195381,11015786
control,2021Q4,2021-10-17,17,199784,11215570
control,2021Q4,2021-10-18,18,928517,12144087
control,2021Q4,2021-10-19,19,971599,13115686
control,2021Q4,2021-10-20,20,973619,14089305
control,2021Q4,2021-10-21,21,962254,15051559
control,2021Q4,2021-10-22,22,831708,15883267
control,2021Q4,2021-10-23,23,196554,16079821
control,2021Q4,2021-10-24,24,214086,16293907
control,2021Q4,2021-10-25,25,941092,17234999
control,2021Q4,2021-10-26,26,1003473,18238472
control,2021Q4,2021-10-27,27,967997,19206469
control,2021Q4,2021-10-28,28,951830,20158299
control,2021Q4,2021-10-29,29,807116,20965415
control,2021Q4,2021-10-30,30,195089,21160504
control,2021Q4,2021-10-31,31,200097,21360601
control,2021Q4,2021-11-01,32,830766,22191367
control,2021Q4,2021-11-02,33,934578,23125945
control,2021Q4,2021-11-03,34,973395,24099340
control,2021Q4,2021-11-04,35,937226,25036566
control,2021Q4,2021-11-05,36,826350,25862916
control,2021Q4,2021-11-06,37,211789,26074705
control,2021Q4,2021-11-07,38,215920,26290625
control,2021Q4,2021-11-08,39,970302,27260927
control,2021Q4,2021-11-09,40,1054807,28315734
control,2021Q4,2021-11-10,41,1020280,29336014
control,2021Q4,2021-11-11,42,895644,30231658
control,2021Q4,2021-11-12,43,828408,31060066
control,2021Q4,2021-11-13,44,205106,31265172
control,2021Q4,2021-11-14,45,203818,31468990
control,2021Q4,2021-11-15,46,990865,32459855
control,2021Q4,2021-11-16,47,1057751,33517606
control,2021Q4,2021-11-17,48,1015957,34533563
control,2021Q4,2021-11-18,49,1016090,35549653
control,2021Q4,2021-11-19,50,862425,36412078
control,2021Q4,2021-11-20,51,220330,36632408
control,2021Q4,2021-11-21,52,211187,36843595
control,2021Q4,2021-11-22,53,936311,37779906
control,2021Q4,2021-11-23,54,970257,38750163
control,2021Q4,2021-11-24,55,932863,39683026
control,2021Q4,2021-11-25,56,775640,40458666
control,2021Q4,2021-11-26,57,628723,41087389
control,2021Q4,2021-11-27,58,177828,41265217
control,2021Q4,2021-11-28,59,388945,41654162
control,2021Q4,2021-11-29,60,940402,42594564
control,2021Q4,2021-11-30,61,1046322,43640886
control,2021Q4,2021-12-01,62,1071116,44712002
control,2021Q4,2021-12-02,63,1010141,45722143
control,2021Q4,2021-12-03,64,900956,46623099
control,2021Q4,2021-12-04,65,231490,46854589
control,2021Q4,2021-12-05,66,206360,47060949
control,2021Q4,2021-12-06,67,953702,48014651
control,2021Q4,2021-12-07,68,1017739,49032390
control,2021Q4,2021-12-08,69,1025295,50057685
control,2021Q4,2021-12-09,70,1036213,51093898
control,2021Q4,2021-12-10,71,873736,51967634
control,2021Q4,2021-12-11,72,235106,52202740
control,2021Q4,2021-12-12,73,221100,52423840
control,2021Q4,2021-12-13,74,971864,53395704
control,2021Q4,2021-12-14,75,1087975,54483679
control,2021Q4,2021-12-15,76,1046437,55530116
control,2021Q4,2021-12-16,77,1013783,56543899
control,2021Q4,2021-12-17,78,897972,57441871
control,2021Q4,2021-12-18,79,229190,57671061
control,2021Q4,2021-12-19,80,204244,57875305
control,2021Q4,2021-12-20,81,882439,58757744
control,2021Q4,2021-12-21,82,941009,59698753
control,2021Q4,2021-12-22,83,869379,60568132
control,2021Q4,2021-12-23,84,733010,61301142
control,2021Q4,2021-12-24,85,370938,61672080
control,2021Q4,2021-12-25,86,141070,61813150
control,2021Q4,2021-12-26,87,163783,61976933
control,2021Q4,2021-12-27,88,477168,62454101
control,2021Q4,2021-12-28,89,546780,63000881
control,2021Q4,2021-12-29,90,541630,63542511
control,2021Q4,2021-12-30,91,486367,64028878
control,2021Q4,2021-12-31,92,299397,64328275
control,2022Q1,2022-01-01,1,164807,164807
control,2022Q1,2022-01-02,2,175294,340101
control,2022Q1,2022-01-03,3,645480,985581
control,2022Q1,2022-01-04,4,875642,1861223
control,2022Q1,2022-01-05,5,946807,2808030
control,2022Q1,2022-01-06,6,886405,3694435
control,2022Q1,2022-01-07,7,817543,4511978
control,2022Q1,2022-01-08,8,231339,4743317
control,2022Q1,2022-01-09,9,216987,4960304
control,2022Q1,2022-01-10,10,980283,5940587
control,2022Q1,2022-01-11,11,1126493,7067080
control,2022Q1,2022-01-12,12,1080357,8147437
control,2022Q1,2022-01-13,13,1071625,9219062
control,2022Q1,2022-01-14,14,902543,10121605
control,2022Q1,2022-01-15,15,256967,10378572
control,2022Q1,2022-01-16,16,228880,10607452
control,2022Q1,2022-01-17,17,873456,11480908
control,2022Q1,2022-01-18,18,1069143,12550051
control,2022Q1,2022-01-19,19,1143385,13693436
control,2022Q1,2022-01-20,20,1122738,14816174
control,2022Q1,2022-01-21,21,994485,15810659
control,2022Q1,2022-01-22,22,275274,16085933
control,2022Q1,2022-01-23,23,242821,16328754
control,2022Q1,2022-01-24,24,1077077,17405831
control,2022Q1,2022-01-25,25,1172819,18578650
control,2022Q1,2022-01-26,26,1057323,19635973
control,2022Q1,2022-01-27,27,1150161,20786134
control,2022Q1,2022-01-28,28,1023797,21809931
control,2022Q1,2022-01-29,29,279121,22089052
control,2022Q1,2022-01-30,30,248521,22337573
control,2022Q1,2022-01-31,31,1066396,23403969
control,2022Q1,2022-02-01,32,1219324,24623293
control,2022Q1,2022-02-02,33,1148943,25772236
control,2022Q1,2022-02-03,34,1181037,26953273
control,2022Q1,2022-02-04,35,1007448,27960721
control,2022Q1,2022-02-05,36,257337,28218058
control,2022Q1,2022-02-06,37,246071,28464129
control,2022Q1,2022-02-07,38,1128034,29592163
control,2022Q1,2022-02-08,39,1235422,30827585
control,2022Q1,2022-02-09,40,1222939,32050524
control,2022Q1,2022-02-10,41,1234969,33285493
control,2022Q1,2022-02-11,42,1064430,34349923
control,2022Q1,2022-02-12,43,283632,34633555
control,2022Q1,2022-02-13,44,264687,34898242
control,2022Q1,2022-02-14,45,1169972,36068214
control,2022Q1,2022-02-15,46,1263587,37331801
control,2022Q1,2022-02-16,47,1227256,38559057
control,2022Q1,2022-02-17,48,1231214,39790271
control,2022Q1,2022-02-18,49,1067382,40857653
control,2022Q1,2022-02-19,50,282612,41140265
control,2022Q1,2022-02-20,51,258174,41398439
control,2022Q1,2022-02-21,52,990561,42389000
control,2022Q1,2022-02-22,53,1171170,43560170
control,2022Q1,2022-02-23,54,1189190,44749360
control,2022Q1,2022-02-24,55,1154078,45903438
control,2022Q1,2022-02-25,56,1032390,46935828
control,2022Q1,2022-02-26,57,267436,47203264
control,2022Q1,2022-02-27,58,250293,47453557
control,2022Q1,2022-02-28,59,1127953,48581510
control,2022Q1,2022-03-01,60,1226613,49808123
control,2022Q1,2022-03-02,61,1213515,51021638
control,2022Q1,2022-03-03,62,1214307,52235945
control,2022Q1,2022-03-04,63,1038319,53274264
control,2022Q1,2022-03-05,64,275972,53550236
control,2022Q1,2022-03-06,65,258585,53808821
control,2022Q1,2022-03-07,66,1162211,54971032
control,2022Q1,2022-03-08,67,1240550,56211582
control,2022Q1,2022-03-09,68,1259376,57470958
control,2022Q1,2022-03-10,69,1212454,58683412
control,2022Q1,2022-03-11,70,1080896,59764308
control,2022Q1,2022-03-12,71,288403,60052711
control,2022Q1,2022-03-13,72,258221,60310932
control,2022Q1,2022-03-14,73,1200354,61511286
control,2022Q1,2022-03-15,74,1292194,62803480
control,2022Q1,2022-03-16,75,1253468,64056948
control,2022Q1,2022-03-17,76,1177827,65234775
control,2022Q1,2022-03-18,77,1046553,66281328
control,2022Q1,2022-03-19,78,267307,66548635
control,2022Q1,2022-03-20,79,267550,66816185
control,2022Q1,2022-03-21,80,1165888,67982073
control,2022Q1,2022-03-22,81,1263245,69245318
control,2022Q1,2022-03-23,82,1277480,70522798
control,2022Q1,2022-03-24,83,1277621,71800419
control,2022Q1,2022-03-25,84,1100864,72901283
control,2022Q1,2022-03-26,85,277160,73178443
control,2022Q1,2022-03-27,86,257108,73435551
control,2022Q1,2022-03-28,87,1238293,74673844
control,2022Q1,2022-03-29,88,1308234,75982078
control,2022Q1,2022-03-30,89,1317076,77299154
control,2022Q1,2022-03-31,90,1272195,78571349
control,2022Q2,2022-04-01,1,1141444,1141444
control,2022Q2,2022-04-02,2,272200,1413644
control,2022Q2,2022-04-03,3,256524,1670168
control,2022Q2,2022-04-04,4,1219686,2889854
control,2022Q2,2022-04-05,5,1315224,4205078
control,2022Q2,2022-04-06,6,1268037,5473115
control,2022Q2,2022-04-07,7,1345637,6818752
control,2022Q2,2022-04-08,8,1119530,7938282
control,2022Q2,2022-04-09,9,297096,8235378
control,2022Q2,2022-04-10,10,277602,8512980
control,2022Q2,2022-04-11,11,1278897,9791877
control,2022Q2,2022-04-12,12,2500329,12292206
control,2022Q2,2022-04-13,13,1341545,13633751
control,2022Q2,2022-04-14,14,2166022,15799773
control,2022Q2,2022-04-15,15,806773,16606546
control,2022Q2,2022-04-16,16,253674,16860220
control,2022Q2,2022-04-17,17,235292,17095512
control,2022Q2,2022-04-18,18,909340,18004852
control,2022Q2,2022-04-19,19,1573341,19578193
control,2022Q2,2022-04-20,20,1898485,21476678
control,2022Q2,2022-04-21,21,1928739,23405417
control,2022Q2,2022-04-22,22,1248651,24654068
control,2022Q2,2022-04-23,23,273666,24927734
control,2022Q2,2022-04-24,24,273426,25201160
control,2022Q2,2022-04-25,25,1189024,26390184
control,2022Q2,2022-04-26,26,1538738,27928922
control,2022Q2,2022-04-27,27,1348472,29277394
control,2022Q2,2022-04-28,28,1363274,30640668
control,2022Q2,2022-04-29,29,1129264,31769932
control,2022Q2,2022-04-30,30,281375,32051307
control,2022Q2,2022-05-01,31,321092,32372399
control,2022Q2,2022-05-02,32,1064104,33436503
control,2022Q2,2022-05-03,33,1233243,34669746
control,2022Q2,2022-05-04,34,1280234,35949980
control,2022Q2,2022-05-05,35,1328664,37278644
control,2022Q2,2022-05-06,36,1205019,38483663
control,2022Q2,2022-05-07,37,336115,38819778
control,2022Q2,2022-05-08,38,246105,39065883
control,2022Q2,2022-05-09,39,1342332,40408215
control,2022Q2,2022-05-10,40,1438581,41846796
control,2022Q2,2022-05-11,41,1444587,43291383
control,2022Q2,2022-05-12,42,1422820,44714203
control,2022Q2,2022-05-13,43,1229803,45944006
control,2022Q2,2022-05-14,44,327902,46271908
control,2022Q2,2022-05-15,45,337821,46609729
control,2022Q2,2022-05-16,46,1383982,47993711
control,2022Q2,2022-05-17,47,1509040,49502751
control,2022Q2,2022-05-18,48,1502176,51004927
control,2022Q2,2022-05-19,49,1473282,52478209
control,2022Q2,2022-05-20,50,1254500,53732709
control,2022Q2,2022-05-21,51,328199,54060908
control,2022Q2,2022-05-22,52,326772,54387680
control,2022Q2,2022-05-23,53,1413136,55800816
control,2022Q2,2022-05-24,54,1534915,57335731
control,2022Q2,2022-05-25,55,1503030,58838761
control,2022Q2,2022-05-26,56,1319766,60158527
control,2022Q2,2022-05-27,57,1177991,61336518
control,2022Q2,2022-05-28,58,313810,61650328
control,2022Q2,2022-05-29,59,332317,61982645
control,2022Q2,2022-05-30,60,1205405,63188050
control,2022Q2,2022-05-31,61,1501217,64689267
control,2022Q2,2022-06-01,62,1524581,66213848
control,2022Q2,2022-06-02,63,1465148,67678996
control,2022Q2,2022-06-03,64,1249454,68928450
control,2022Q2,2022-06-04,65,348622,69277072
control,2022Q2,2022-06-05,66,327123,69604195
control,2022Q2,2022-06-06,67,1370817,70975012
control,2022Q2,2022-06-07,68,1577582,72552594
control,2022Q2,2022-06-08,69,1564863,74117457
control,2022Q2,2022-06-09,70,1511596,75629053
control,2022Q2,2022-06-10,71,1236364,76865417
control,2022Q2,2022-06-11,72,324697,77190114
control,2022Q2,2022-06-12,73,302662,77492776
control,2022Q2,2022-06-13,74,1342510,78835286
control,2022Q2,2022-06-14,75,1575508,80410794
control,2022Q2,2022-06-15,76,1549945,81960739
control,2022Q2,2022-06-16,77,1427927,83388666
control,2022Q2,2022-06-17,78,1221077,84609743
control,2022Q2,2022-06-18,79,335849,84945592
control,2022Q2,2022-06-19,80,334605,85280197
control,2022Q2,2022-06-20,81,1279721,86559918
control,2022Q2,2022-06-21,82,1494884,88054802
control,2022Q2,2022-06-22,83,1557089,89611891
control,2022Q2,2022-06-23,84,1512002,91123893
control,2022Q2,2022-06-24,85,1257258,92381151
control,2022Q2,2022-06-25,86,305972,92687123
control,2022Q2,2022-06-26,87,332173,93019296
control,2022Q2,2022-06-27,88,1496943,94516239
control,2022Q2,2022-06-28,89,1622889,96139128
control,2022Q2,2022-06-29,90,1560473,97699601
control,2022Q2,2022-06-30,91,1469201,99168802
control,2022Q3,2022-07-01,1,1239009,1239009
control,2022Q3,2022-07-02,2,292228,1531237
control,2022Q3,2022-07-03,3,317704,1848941
control,2022Q3,2022-07-04,4,1162036,3010977
control,2022Q3,2022-07-05,5,1421525,4432502
control,2022Q3,2022-07-06,6,1490747,5923249
control,2022Q3,2022-07-07,7,1451277,7374526
control,2022Q3,2022-07-08,8,1279312,8653838
control,2022Q3,2022-07-09,9,329302,8983140
control,2022Q3,2022-07-10,10,329747,9312887
control,2022Q3,2022-07-11,11,1491369,10804256
control,2022Q3,2022-07-12,12,1540964,12345220
control,2022Q3,2022-07-13,13,1526363,13871583
control,2022Q3,2022-07-14,14,1473350,15344933
control,2022Q3,2022-07-15,15,1309038,16653971
control,2022Q3,2022-07-16,16,384251,17038222
control,2022Q3,2022-07-17,17,412454,17450676
control,2022Q3,2022-07-18,18,1532092,18982768
control,2022Q3,2022-07-19,19,1631815,20614583
control,2022Q3,2022-07-20,20,1619940,22234523
control,2022Q3,2022-07-21,21,1551810,23786333
control,2022Q3,2022-07-22,22,0,23786333
control,2022Q3,2022-07-23,23,327524,24113857
control,2022Q3,2022-07-24,24,306968,24420825
control,2022Q3,2022-07-25,25,1526991,25947816
control,2022Q3,2022-07-26,26,1635637,27583453
control,2022Q3,2022-07-27,27,1625372,29208825
control,2022Q3,2022-07-28,28,1566968,30775793
control,2022Q3,2022-07-29,29,1327643,32103436
control,2022Q3,2022-07-30,30,330631,32434067
control,2022Q3,2022-07-31,31,323231,32757298
control,2022Q3,2022-08-01,32,1484457,34241755
control,2022Q3,2022-08-02,33,1599693,35841448
control,2022Q3,2022-08-03,34,1652403,37493851
control,2022Q3,2022-08-04,35,1577924,39071775
control,2022Q3,2022-08-05,36,1309328,40381103
control,2022Q3,2022-08-06,37,298353,40679456
control,2022Q3,2022-08-07,38,302718,40982174
control,2022Q3,2022-08-08,39,1458067,42440241
control,2022Q3,2022-08-09,40,1552085,43992326
control,2022Q3,2022-08-10,41,1575003,45567329
control,2022Q3,2022-08-11,42,1546168,47113497
control,2022Q3,2022-08-12,43,1273934,48387431
control,2022Q3,2022-08-13,44,305666,48693097
control,2022Q3,2022-08-14,45,303751,48996848
control,2022Q3,2022-08-15,46,1331890,50328738
control,2022Q3,2022-08-16,47,1622663,51951401
control,2022Q3,2022-08-17,48,1593996,53545397
control,2022Q3,2022-08-18,49,1534661,55080058
control,2022Q3,2022-08-19,50,1346415,56426473
control,2022Q3,2022-08-20,51,318098,56744571
control,2022Q3,2022-08-21,52,314830,57059401
control,2022Q3,2022-08-22,53,1551552,58610953
control,2022Q3,2022-08-23,54,1697866,60308819
control,2022Q3,2022-08-24,55,1690312,61999131
control,2022Q3,2022-08-25,56,1689265,63688396
control,2022Q3,2022-08-26,57,1419068,65107464
control,2022Q3,2022-08-27,58,341374,65448838
control,2022Q3,2022-08-28,59,341253,65790091
control,2022Q3,2022-08-29,60,1489827,67279918
control,2022Q3,2022-08-30,61,1601519,68881437
control,2022Q3,2022-08-31,62,1655353,70536790
control,2022Q3,2022-09-01,63,1655358,72192148
control,2022Q3,2022-09-02,64,1333907,73526055
control,2022Q3,2022-09-03,65,311427,73837482
control,2022Q3,2022-09-04,66,317776,74155258
control,2022Q3,2022-09-05,67,1218909,75374167
control,2022Q3,2022-09-06,68,1610512,76984679
control,2022Q3,2022-09-07,69,1561095,78545774
control,2022Q3,2022-09-08,70,1579353,80125127
control,2022Q3,2022-09-09,71,1311058,81436185
control,2022Q3,2022-09-10,72,320722,81756907
control,2022Q3,2022-09-11,73,322442,82079349
control,2022Q3,2022-09-12,74,1486529,83565878
control,2022Q3,2022-09-13,75,1625444,85191322
control,2022Q3,2022-09-14,76,1600898,86792220
control,2022Q3,2022-09-15,77,1557458,88349678
control,2022Q3,2022-09-16,78,1395279,89744957
control,2022Q3,2022-09-17,79,325712,90070669
control,2022Q3,2022-09-18,80,342132,90412801
control,2022Q3,2022-09-19,81,1458881,91871682
control,2022Q3,2022-09-20,82,1844748,93716430
control,2022Q3,2022-09-21,83,1644604,95361034
control,2022Q3,2022-09-22,84,1521596,96882630
control,2022Q3,2022-09-23,85,1334172,98216802
control,2022Q3,2022-09-24,86,321568,98538370
control,2022Q3,2022-09-25,87,307267,98845637
control,2022Q3,2022-09-26,88,1581993,100427630
control,2022Q3,2022-09-27,89,1605412,102033042
control,2022Q3,2022-09-28,90,1670167,103703209
control,2022Q3,2022-09-29,91,1619964,105323173
control,2022Q3,2022-09-30,92,1352012,106675185
control,2022Q4,2022-10-01,1,356539,356539
control,2022Q4,2022-10-02,2,314252,670791
control,2022Q4,2022-10-03,3,1416222,2087013
control,2022Q4,2022-10-04,4,1599370,3686383
control,2022Q4,2022-10-05,5,1508467,5194850
control,2022Q4,2022-10-06,6,1589821,6784671
control,2022Q4,2022-10-07,7,1374053,8158724
control,2022Q4,2022-10-08,8,347511,8506235
control,2022Q4,2022-10-09,9,328434,8834669
control,2022Q4,2022-10-10,10,1363660,10198329
control,2022Q4,2022-10-11,11,1662501,11860830
control,2022Q4,2022-10-12,12,1596240,13457070
control,2022Q4,2022-10-13,13,1638851,15095921
control,2022Q4,2022-10-14,14,1398298,16494219
control,2022Q4,2022-10-15,15,342128,16836347
control,2022Q4,2022-10-16,16,313431,17149778
control,2022Q4,2022-10-17,17,1571553,18721331
control,2022Q4,2022-10-18,18,1673366,20394697
control,2022Q4,2022-10-19,19,1655475,22050172
control,2022Q4,2022-10-20,20,1593799,23643971
control,2022Q4,2022-10-21,21,1373527,25017498
control,2022Q4,2022-10-22,22,309228,25326726
control,2022Q4,2022-10-23,23,331688,25658414
control,2022Q4,2022-10-24,24,1601166,27259580
control,2022Q4,2022-10-25,25,1783641,29043221
control,2022Q4,2022-10-26,26,1735992,30779213
control,2022Q4,2022-10-27,27,1774864,32554077
control,2022Q4,2022-10-28,28,1472830,34026907
control,2022Q4,2022-10-29,29,348605,34375512
control,2022Q4,2022-10-30,30,361814,34737326
control,2022Q4,2022-10-31,31,1555690,36293016
control,2022Q4,2022-11-01,32,1595711,37888727
control,2022Q4,2022-11-02,33,1741080,39629807
control,2022Q4,2022-11-03,34,1722485,41352292
control,2022Q4,2022-11-04,35,1466522,42818814
control,2022Q4,2022-11-05,36,355342,43174156
control,2022Q4,2022-11-06,37,411379,43585535
control,2022Q4,2022-11-07,38,1740050,45325585
control,2022Q4,2022-11-08,39,1908073,47233658
control,2022Q4,2022-11-09,40,1891701,49125359
control,2022Q4,2022-11-10,41,1761061,50886420
control,2022Q4,2022-11-11,42,1277430,52163850
control,2022Q4,2022-11-12,43,340250,52504100
control,2022Q4,2022-11-13,44,363853,52867953
control,2022Q4,2022-11-14,45,1722857,54590810
control,2022Q4,2022-11-15,46,1843585,56434395
control,2022Q4,2022-11-16,47,1845572,58279967
control,2022Q4,2022-11-17,48,1839519,60119486
control,2022Q4,2022-11-18,49,1526625,61646111
control,2022Q4,2022-11-19,50,375923,62022034
control,2022Q4,2022-11-20,51,371734,62393768
control,2022Q4,2022-11-21,52,1649073,64042841
control,2022Q4,2022-11-22,53,1780816,65823657
control,2022Q4,2022-11-23,54,1665762,67489419
control,2022Q4,2022-11-24,55,1320839,68810258
control,2022Q4,2022-11-25,56,1041153,69851411
control,2022Q4,2022-11-26,57,288559,70139970
control,2022Q4,2022-11-27,58,330980,70470950
control,2022Q4,2022-11-28,59,1563033,72033983
control,2022Q4,2022-11-29,60,1753185,73787168
control,2022Q4,2022-11-30,61,1698623,75485791
control,2022Q4,2022-12-01,62,1748784,77234575
control,2022Q4,2022-12-02,63,1480027,78714602
control,2022Q4,2022-12-03,64,370763,79085365
control,2022Q4,2022-12-04,65,369210,79454575
control,2022Q4,2022-12-05,66,1642286,81096861
control,2022Q4,2022-12-06,67,1773593,82870454
control,2022Q4,2022-12-07,68,1740963,84611417
control,2022Q4,2022-12-08,69,1744140,86355557
control,2022Q4,2022-12-09,70,1429073,87784630
control,2022Q4,2022-12-10,71,359161,88143791
control,2022Q4,2022-12-11,72,358504,88502295
control,2022Q4,2022-12-12,73,1670784,90173079
control,2022Q4,2022-12-13,74,1779792,91952871
control,2022Q4,2022-12-14,75,1719733,93672604
control,2022Q4,2022-12-15,76,1676071,95348675
control,2022Q4,2022-12-16,77,1412993,96761668
control,2022Q4,2022-12-17,78,362898,97124566
control,2022Q4,2022-12-18,79,344532,97469098
control,2022Q4,2022-12-19,80,1517127,98986225
control,2022Q4,2022-12-20,81,1606445,100592670
control,2022Q4,2022-12-21,82,1466882,102059552
control,2022Q4,2022-12-22,83,1350342,103409894
control,2022Q4,2022-12-23,84,942163,104352057
control,2022Q4,2022-12-24,85,270144,104622201
control,2022Q4,2022-12-25,86,267482,104889683
control,2022Q4,2022-12-26,87,589158,105478841
control,2022Q4,2022-12-27,88,808089,106286930
control,2022Q4,2022-12-28,89,853331,107140261
control,2022Q4,2022-12-29,90,806782,107947043
control,2022Q4,2022-12-30,91,637714,108584757
control,2022Q4,2022-12-31,92,255682,108840439
control,2023Q1,2023-01-01,1,319721,319721
control,2023Q1,2023-01-02,2,732962,1052683
control,2023Q1,2023-01-03,3,1389658,2442341
control,2023Q1,2023-01-04,4,1495319,3937660
control,2023Q1,2023-01-05,5,1501651,5439311
control,2023Q1,2023-01-06,6,1267128,6706439
control,2023Q1,2023-01-07,7,373481,7079920
control,2023Q1,2023-01-08,8,362698,7442618
control,2023Q1,2023-01-09,9,1592744,9035362
control,2023Q1,2023-01-10,10,1726631,10761993
control,2023Q1,2023-01-11,11,1789184,12551177
control,2023Q1,2023-01-12,12,1769183,14320360
control,2023Q1,2023-01-13,13,1512374,15832734
control,2023Q1,2023-01-14,14,374932,16207666
control,2023Q1,2023-01-15,15,382037,16589703
control,2023Q1,2023-01-16,16,1407063,17996766
control,2023Q1,2023-01-17,17,1674900,19671666
control,2023Q1,2023-01-18,18,1719286,21390952
control,2023Q1,2023-01-19,19,1661017,23051969
control,2023Q1,2023-01-20,20,1478999,24530968
control,2023Q1,2023-01-21,21,356831,24887799
control,2023Q1,2023-01-22,22,361298,25249097
control,2023Q1,2023-01-23,23,1607148,26856245
control,2023Q1,2023-01-24,24,1718200,28574445
control,2023Q1,2023-01-25,25,1706806,30281251
control,2023Q1,2023-01-26,26,1617581,31898832
control,2023Q1,2023-01-27,27,1486333,33385165
control,2023Q1,2023-01-28,28,406498,33791663
control,2023Q1,2023-01-29,29,417630,34209293
control,2023Q1,2023-01-30,30,1714176,35923469
control,2023Q1,2023-01-31,31,1943806,37867275
control,2023Q1,2023-02-01,32,1920272,39787547
control,2023Q1,2023-02-02,33,1862842,41650389
control,2023Q1,2023-02-03,34,1622518,43272907
control,2023Q1,2023-02-04,35,420675,43693582
control,2023Q1,2023-02-05,36,385024,44078606
control,2023Q1,2023-02-06,37,1764371,45842977
control,2023Q1,2023-02-07,38,1915502,47758479
control,2023Q1,2023-02-08,39,1880796,49639275
control,2023Q1,2023-02-09,40,1846348,51485623
control,2023Q1,2023-02-10,41,1635879,53121502
control,2023Q1,2023-02-11,42,402693,53524195
control,2023Q1,2023-02-12,43,398986,53923181
control,2023Q1,2023-02-13,44,1838364,55761545
control,2023Q1,2023-02-14,45,1959268,57720813
control,2023Q1,2023-02-15,46,1915358,59636171
control,2023Q1,2023-02-16,47,1850166,61486337
control,2023Q1,2023-02-17,48,1655952,63142289
control,2023Q1,2023-02-18,49,405000,63547289
control,2023Q1,2023-02-19,50,388464,63935753
control,2023Q1,2023-02-20,51,1505276,65441029
control,2023Q1,2023-02-21,52,1850035,67291064
control,2023Q1,2023-02-22,53,1913550,69204614
control,2023Q1,2023-02-23,54,1853212,71057826
control,2023Q1,2023-02-24,55,1616953,72674779
control,2023Q1,2023-02-25,56,410089,73084868
control,2023Q1,2023-02-26,57,390264,73475132
control,2023Q1,2023-02-27,58,1746427,75221559
control,2023Q1,2023-02-28,59,1842227,77063786
control,2023Q1,2023-03-01,60,1949789,79013575
control,2023Q1,2023-03-02,61,1903299,80916874
control,2023Q1,2023-03-03,62,1655336,82572210
control,2023Q1,2023-03-04,63,421345,82993555
control,2023Q1,2023-03-05,64,386048,83379603
control,2023Q1,2023-03-06,65,1856774,85236377
control,2023Q1,2023-03-07,66,1996506,87232883
control,2023Q1,2023-03-08,67,1833063,89065946
control,2023Q1,2023-03-09,68,1966211,91032157
control,2023Q1,2023-03-10,69,1677547,92709704
control,2023Q1,2023-03-11,70,424501,93134205
control,2023Q1,2023-03-12,71,403592,93537797
control,2023Q1,2023-03-13,72,1938703,95476500
control,2023Q1,2023-03-14,73,1999876,97476376
control,2023Q1,2023-03-15,74,2001932,99478308
control,2023Q1,2023-03-16,75,1932547,101410855
control,2023Q1,2023-03-17,76,1611805,103022660
control,2023Q1,2023-03-18,77,386161,103408821
control,2023Q1,2023-03-19,78,394814,103803635
control,2023Q1,2023-03-20,79,1897349,105700984
control,2023Q1,2023-03-21,80,1972394,107673378
control,2023Q1,2023-03-22,81,1955030,109628408
control,2023Q1,2023-03-23,82,1928663,111557071
control,2023Q1,2023-03-24,83,1715598,113272669
control,2023Q1,2023-03-25,84,399128,113671797
control,2023Q1,2023-03-26,85,403746,114075543
control,2023Q1,2023-03-27,86,1887907,115963450
control,2023Q1,2023-03-28,87,2027671,117991121
control,2023Q1,2023-03-29,88,1961539,119952660
control,2023Q1,2023-03-30,89,1978871,121931531
control,2023Q1,2023-03-31,90,1679430,123610961
control,2023Q2,2023-04-01,1,430962,430962
control,2023Q2,2023-04-02,2,395598,826560
control,2023Q2,2023-04-03,3,1931181,2757741
control,2023Q2,2023-04-04,4,1972810,4730551
control,2023Q2,2023-04-05,5,1890939,6621490
control,2023Q2,2023-04-06,6,1773631,8395121
control,2023Q2,2023-04-07,7,1174010,9569131
control,2023Q2,2023-04-08,8,368020,9937151
control,2023Q2,2023-04-09,9,360160,10297311
control,2023Q2,2023-04-10,10,1374307,11671618
control,2023Q2,2023-04-11,11,1964116,13635734
control,2023Q2,2023-04-12,12,1956317,15592051
control,2023Q2,2023-04-13,13,1929196,17521247
control,2023Q2,2023-04-14,14,1632174,19153421
control,2023Q2,2023-04-15,15,395185,19548606
control,2023Q2,2023-04-16,16,398558,19947164
control,2023Q2,2023-04-17,17,1844506,21791670
control,2023Q2,2023-04-18,18,1949283,23740953
control,2023Q2,2023-04-19,19,1882718,25623671
control,2023Q2,2023-04-20,20,1840630,27464301
control,2023Q2,2023-04-21,21,1547839,29012140
control,2023Q2,2023-04-22,22,384164,29396304
control,2023Q2,2023-04-23,23,422654,29818958
control,2023Q2,2023-04-24,24,1830949,31649907
control,2023Q2,2023-04-25,25,1924716,33574623
control,2023Q2,2023-04-26,26,2002192,35576815
control,2023Q2,2023-04-27,27,1914042,37490857
control,2023Q2,2023-04-28,28,1654971,39145828
control,2023Q2,2023-04-29,29,418365,39564193
control,2023Q2,2023-04-30,30,425805,39989998
control,2023Q2,2023-05-01,31,1220648,41210646
control,2023Q2,2023-05-02,32,1840110,43050756
control,2023Q2,2023-05-03,33,1867474,44918230
control,2023Q2,2023-05-04,34,1896358,46814588
control,2023Q2,2023-05-05,35,1643607,48458195
control,2023Q2,2023-05-06,36,427306,48885501
control,2023Q2,2023-05-07,37,406062,49291563
control,2023Q2,2023-05-08,38,1796720,51088283
control,2023Q2,2023-05-09,39,1933781,53022064
control,2023Q2,2023-05-10,40,1837376,54859440
control,2023Q2,2023-05-11,41,1945362,56804802
control,2023Q2,2023-05-12,42,1696763,58501565
control,2023Q2,2023-05-13,43,397565,58899130
control,2023Q2,2023-05-14,44,399751,59298881
control,2023Q2,2023-05-15,45,1940400,61239281
control,2023Q2,2023-05-16,46,2015405,63254686
control,2023Q2,2023-05-17,47,1988328,65243014
control,2023Q2,2023-05-18,48,1716909,66959923
control,2023Q2,2023-05-19,49,1546075,68505998
control,2023Q2,2023-05-20,50,378675,68884673
control,2023Q2,2023-05-21,51,387685,69272358
control,2023Q2,2023-05-22,52,1817285,71089643
control,2023Q2,2023-05-23,53,2006776,73096419
control,2023Q2,2023-05-24,54,1974205,75070624
control,2023Q2,2023-05-25,55,1899340,76969964
control,2023Q2,2023-05-26,56,1627045,78597009
control,2023Q2,2023-05-27,57,373296,78970305
control,2023Q2,2023-05-28,58,400627,79370932
control,2023Q2,2023-05-29,59,1294919,80665851
control,2023Q2,2023-05-30,60,1900669,82566520
control,2023Q2,2023-05-31,61,1994678,84561198
control,2023Q2,2023-06-01,62,2029033,86590231
control,2023Q2,2023-06-02,63,1717411,88307642
control,2023Q2,2023-06-03,64,387297,88694939
control,2023Q2,2023-06-04,65,395597,89090536
control,2023Q2,2023-06-05,66,1899420,90989956
control,2023Q2,2023-06-06,67,1984714,92974670
control,2023Q2,2023-06-07,68,1980161,94954831
control,2023Q2,2023-06-08,69,1877658,96832489
control,2023Q2,2023-06-09,70,1676508,98508997
control,2023Q2,2023-06-10,71,396311,98905308
control,2023Q2,2023-06-11,72,385082,99290390
control,2023Q2,2023-06-12,73,1879874,101170264
control,2023Q2,2023-06-13,74,2079991,103250255
control,2023Q2,2023-06-14,75,2069114,105319369
control,2023Q2,2023-06-15,76,2009850,107329219
control,2023Q2,2023-06-16,77,1698980,109028199
control,2023Q2,2023-06-17,78,401702,109429901
control,2023Q2,2023-06-18,79,398692,109828593
control,2023Q2,2023-06-19,80,1727680,111556273
control,2023Q2,2023-06-20,81,2018136,113574409
control,2023Q2,2023-06-21,82,2058840,115633249
control,2023Q2,2023-06-22,83,1981465,117614714
control,2023Q2,2023-06-23,84,1674478,119289192
control,2023Q2,2023-06-24,85,395792,119684984
control,2023Q2,2023-06-25,86,422100,120107084
control,2023Q2,2023-06-26,87,1976159,122083243
control,2023Q2,2023-06-27,88,2101609,124184852
control,2023Q2,2023-06-28,89,2054497,126239349
control,2023Q2,2023-06-29,90,1942433,128181782
control,2023Q2,2023-06-30,91,1689969,129871751
control,2023Q3,2023-07-01,1,444987,444987
control,2023Q3,2023-07-02,2,414330,859317
control,2023Q3,2023-07-03,3,1715758,2575075
control,2023Q3,2023-07-04,4,1642934,4218009
control,2023Q3,2023-07-05,5,1977837,6195846
control,2023Q3,2023-07-06,6,2048847,8244693
control,2023Q3,2023-07-07,7,1762750,10007443
control,2023Q3,2023-07-08,8,445405,10452848
control,2023Q3,2023-07-09,9,445194,10898042
control,2023Q3,2023-07-10,10,2107012,13005054
control,2023Q3,2023-07-11,11,2375825,15380879
control,2023Q3,2023-07-12,12,2322866,17703745
control,2023Q3,2023-07-13,13,2278866,19982611
control,2023Q3,2023-07-14,14,1763160,21745771
control,2023Q3,2023-07-15,15,422302,22168073
control,2023Q3,2023-07-16,16,435407,22603480
control,2023Q3,2023-07-17,17,2098974,24702454
control,2023Q3,2023-07-18,18,2201460,26903914
control,2023Q3,2023-07-19,19,2239267,29143181
control,2023Q3,2023-07-20,20,2202685,31345866
control,2023Q3,2023-07-21,21,1816678,33162544
control,2023Q3,2023-07-22,22,420495,33583039
control,2023Q3,2023-07-23,23,429010,34012049
control,2023Q3,2023-07-24,24,2106090,36118139
control,2023Q3,2023-07-25,25,2222849,38340988
control,2023Q3,2023-07-26,26,2177433,40518421
control,2023Q3,2023-07-27,27,2145682,42664103
control,2023Q3,2023-07-28,28,1811917,44476020
control,2023Q3,2023-07-29,29,434426,44910446
control,2023Q3,2023-07-30,30,449947,45360393
control,2023Q3,2023-07-31,31,2157032,47517425
control,2023Q3,2023-08-01,32,2292357,49809782
control,2023Q3,2023-08-02,33,2206733,52016515
control,2023Q3,2023-08-03,34,2192600,54209115
control,2023Q3,2023-08-04,35,1925727,56134842
control,2023Q3,2023-08-05,36,449764,56584606
control,2023Q3,2023-08-06,37,464132,57048738
control,2023Q3,2023-08-07,38,2090196,59138934
control,2023Q3,2023-08-08,39,2248503,61387437
control,2023Q3,2023-08-09,40,2258613,63646050
control,2023Q3,2023-08-10,41,2244085,65890135
control,2023Q3,2023-08-11,42,1897291,67787426
control,2023Q3,2023-08-12,43,440482,68227908
control,2023Q3,2023-08-13,44,462998,68690906
control,2023Q3,2023-08-14,45,2116262,70807168
control,2023Q3,2023-08-15,46,1953466,72760634
control,2023Q3,2023-08-16,47,2257483,75018117
control,2023Q3,2023-08-17,48,2176718,77194835
control,2023Q3,2023-08-18,49,1912123,79106958
control,2023Q3,2023-08-19,50,435466,79542424
control,2023Q3,2023-08-20,51,435882,79978306
control,2023Q3,2023-08-21,52,2236924,82215230
control,2023Q3,2023-08-22,53,2333060,84548290
control,2023Q3,2023-08-23,54,2297735,86846025
control,2023Q3,2023-08-24,55,2297311,89143336
control,2023Q3,2023-08-25,56,1961172,91104508
control,2023Q3,2023-08-26,57,457420,91561928
control,2023Q3,2023-08-27,58,459190,92021118
control,2023Q3,2023-08-28,59,2160971,94182089
control,2023Q3,2023-08-29,60,2330761,96512850
control,2023Q3,2023-08-30,61,2325447,98838297
control,2023Q3,2023-08-31,62,2299483,101137780
control,2023Q3,2023-09-01,63,1949275,103087055
control,2023Q3,2023-09-02,64,463848,103550903
control,2023Q3,2023-09-03,65,479346,104030249
control,2023Q3,2023-09-04,66,1690543,105720792
control,2023Q3,2023-09-05,67,2289077,108009869
control,2023Q3,2023-09-06,68,2410423,110420292
control,2023Q3,2023-09-07,69,2276928,112697220
control,2023Q3,2023-09-08,70,2048882,114746102
control,2023Q3,2023-09-09,71,506818,115252920
control,2023Q3,2023-09-10,72,594690,115847610
control,2023Q3,2023-09-11,73,2355197,118202807
control,2023Q3,2023-09-12,74,2504210,120707017
control,2023Q3,2023-09-13,75,2533989,123241006
control,2023Q3,2023-09-14,76,2420803,125661809
control,2023Q3,2023-09-15,77,2058882,127720691
control,2023Q3,2023-09-16,78,517022,128237713
control,2023Q3,2023-09-17,79,489393,128727106
control,2023Q3,2023-09-18,80,2289280,131016386
control,2023Q3,2023-09-19,81,2395898,133412284
control,2023Q3,2023-09-20,82,2437246,135849530
control,2023Q3,2023-09-21,83,2430777,138280307
control,2023Q3,2023-09-22,84,2039271,140319578
control,2023Q3,2023-09-23,85,489079,140808657
control,2023Q3,2023-09-24,86,453148,141261805
control,2023Q3,2023-09-25,87,2340941,143602746
control,2023Q3,2023-09-26,88,2545106,146147852
control,2023Q3,2023-09-27,89,2490265,148638117
control,2023Q3,2023-09-28,90,2330156,150968273
control,2023Q3,2023-09-29,91,2007775,152976048
control,2023Q3,2023-09-30,92,523686,153499734
control,2023Q4,2023-10-01,1,573096,573096
control,2023Q4,2023-10-02,2,2108091,2681187
control,2023Q4,2023-10-03,3,2318234,4999421
control,2023Q4,2023-10-04,4,2341420,7340841
control,2023Q4,2023-10-05,5,2322027,9662868
control,2023Q4,2023-10-06,6,1971831,11634699
control,2023Q4,2023-10-07,7,507488,12142187
control,2023Q4,2023-10-08,8,487502,12629689
control,2023Q4,2023-10-09,9,2044959,14674648
control,2023Q4,2023-10-10,10,2353407,17028055
control,2023Q4,2023-10-11,11,2392439,19420494
control,2023Q4,2023-10-12,12,2332253,21752747
control,2023Q4,2023-10-13,13,1995782,23748529
control,2023Q4,2023-10-14,14,491055,24239584
control,2023Q4,2023-10-15,15,536719,24776303
control,2023Q4,2023-10-16,16,2426364,27202667
control,2023Q4,2023-10-17,17,2567817,29770484
control,2023Q4,2023-10-18,18,2627054,32397538
control,2023Q4,2023-10-19,19,2576958,34974496
control,2023Q4,2023-10-20,20,2166057,37140553
control,2023Q4,2023-10-21,21,553608,37694161
control,2023Q4,2023-10-22,22,539705,38233866
control,2023Q4,2023-10-23,23,2423824,40657690
control,2023Q4,2023-10-24,24,2498582,43156272
control,2023Q4,2023-10-25,25,2545502,45701774
control,2023Q4,2023-10-26,26,2484583,48186357
control,2023Q4,2023-10-27,27,2160587,50346944
control,2023Q4,2023-10-28,28,523193,50870137
control,2023Q4,2023-10-29,29,539238,51409375
control,2023Q4,2023-10-30,30,2409497,53818872
control,2023Q4,2023-10-31,31,2550994,56369866
control,2023Q4,2023-11-01,32,2275378,58645244
control,2023Q4,2023-11-02,33,927808,59573052
control,2023Q4,2023-11-03,34,0,59573052
control,2023Q4,2023-11-04,35,526761,60099813
control,2023Q4,2023-11-05,36,548830,60648643
control,2023Q4,2023-11-06,37,2412028,63060671
control,2023Q4,2023-11-07,38,2628027,65688698
control,2023Q4,2023-11-08,39,2620733,68309431
control,2023Q4,2023-11-09,40,2574876,70884307
control,2023Q4,2023-11-10,41,2086882,72971189
control,2023Q4,2023-11-11,42,562381,73533570
control,2023Q4,2023-11-12,43,578449,74112019
control,2023Q4,2023-11-13,44,2434405,76546424
control,2023Q4,2023-11-14,45,2626439,79172863
control,2023Q4,2023-11-15,46,2503880,81676743
control,2023Q4,2023-11-16,47,2551440,84228183
control,2023Q4,2023-11-17,48,2189303,86417486
control,2023Q4,2023-11-18,49,574762,86992248
control,2023Q4,2023-11-19,50,577674,87569922
control,2023Q4,2023-11-20,51,2456554,90026476
control,2023Q4,2023-11-21,52,2660577,92687053
control,2023Q4,2023-11-22,53,2422149,95109202
control,2023Q4,2023-11-23,54,1934255,97043457
control,2023Q4,2023-11-24,55,1659212,98702669
control,2023Q4,2023-11-25,56,508577,99211246
control,2023Q4,2023-11-26,57,565326,99776572
control,2023Q4,2023-11-27,58,2425160,102201732
control,2023Q4,2023-11-28,59,2629036,104830768
control,2023Q4,2023-11-29,60,2672239,107503007
control,2023Q4,2023-11-30,61,2616057,110119064
control,2023Q4,2023-12-01,62,2295452,112414516
control,2023Q4,2023-12-02,63,614798,113029314
control,2023Q4,2023-12-03,64,631292,113660606
control,2023Q4,2023-12-04,65,2645099,116305705
control,2023Q4,2023-12-05,66,2658625,118964330
control,2023Q4,2023-12-06,67,2607248,121571578
control,2023Q4,2023-12-07,68,2540646,124112224
control,2023Q4,2023-12-08,69,2115408,126227632
control,2023Q4,2023-12-09,70,612459,126840091
control,2023Q4,2023-12-10,71,614173,127454264
control,2023Q4,2023-12-11,72,2570649,130024913
control,2023Q4,2023-12-12,73,2712972,132737885
control,2023Q4,2023-12-13,74,2720303,135458188
control,2023Q4,2023-12-14,75,2605992,138064180
control,2023Q4,2023-12-15,76,2179154,140243334
control,2023Q4,2023-12-16,77,600191,140843525
control,2023Q4,2023-12-17,78,618666,141462191
control,2023Q4,2023-12-18,79,2442172,143904363
control,2023Q4,2023-12-19,80,2575785,146480148
control,2023Q4,2023-12-20,81,2432712,148912860
control,2023Q4,2023-12-21,82,2179951,151092811
control,2023Q4,2023-12-22,83,1629190,152722001
control,2023Q4,2023-12-23,84,478866,153200867
control,2023Q4,2023-12-24,85,480653,153681520
control,2023Q4,2023-12-25,86,723125,154404645
control,2023Q4,2023-12-26,87,1004568,155409213
control,2023Q4,2023-12-27,88,1315420,156724633
control,2023Q4,2023-12-28,89,1314832,158039465
control,2023Q4,2023-12-29,90,1061468,159100933
control,2023Q4,2023-12-30,91,480163,159581096
control,2023Q4,2023-12-31,92,465415,160046511
control,2024Q1,2024-01-01,1,680592,680592
control,2024Q1,2024-01-02,2,1855384,2535976
control,2024Q1,2024-01-03,3,2163001,4698977
control,2024Q1,2024-01-04,4,2263394,6962371
control,2024Q1,2024-01-05,5,2050480,9012851
control,2024Q1,2024-01-06,6,571948,9584799
control,2024Q1,2024-01-07,7,576530,10161329
control,2024Q1,2024-01-08,8,2410808,12572137
control,2024Q1,2024-01-09,9,2591128,15163265
control,2024Q1,2024-01-10,10,2669439,17832704
control,2024Q1,2024-01-11,11,2603079,20435783
control,2024Q1,2024-01-12,12,2271800,22707583
control,2024Q1,2024-01-13,13,589586,23297169
control,2024Q1,2024-01-14,14,616556,23913725
control,2024Q1,2024-01-15,15,2205805,26119530
control,2024Q1,2024-01-16,16,2739647,28859177
control,2024Q1,2024-01-17,17,2834991,31694168
control,2024Q1,2024-01-18,18,2695035,34389203
control,2024Q1,2024-01-19,19,2391842,36781045
control,2024Q1,2024-01-20,20,639066,37420111
control,2024Q1,2024-01-21,21,619455,38039566
control,2024Q1,2024-01-22,22,2759073,40798639
control,2024Q1,2024-01-23,23,2826478,43625117
control,2024Q1,2024-01-24,24,2740104,46365221
control,2024Q1,2024-01-25,25,2792602,49157823
control,2024Q1,2024-01-26,26,2264743,51422566
control,2024Q1,2024-01-27,27,643846,52066412
control,2024Q1,2024-01-28,28,655042,52721454
control,2024Q1,2024-01-29,29,2730357,55451811
control,2024Q1,2024-01-30,30,2869055,58320866
control,2024Q1,2024-01-31,31,2802087,61122953
control,2024Q1,2024-02-01,32,2839439,63962392
control,2024Q1,2024-02-02,33,2416925,66379317
control,2024Q1,2024-02-03,34,633617,67012934
control,2024Q1,2024-02-04,35,677458,67690392
control,2024Q1,2024-02-05,36,2736104,70426496
control,2024Q1,2024-02-06,37,2881699,73308195
control,2024Q1,2024-02-07,38,2865902,76174097
control,2024Q1,2024-02-08,39,2762852,78936949
control,2024Q1,2024-02-09,40,2376017,81312966
control,2024Q1,2024-02-10,41,623594,81936560
control,2024Q1,2024-02-11,42,660140,82596700
control,2024Q1,2024-02-12,43,2575210,85171910
control,2024Q1,2024-02-13,44,2780548,87952458
control,2024Q1,2024-02-14,45,2730483,90682941
control,2024Q1,2024-02-15,46,2759826,93442767
control,2024Q1,2024-02-16,47,2468419,95911186
control,2024Q1,2024-02-17,48,643351,96554537
control,2024Q1,2024-02-18,49,680989,97235526
control,2024Q1,2024-02-19,50,2390423,99625949
control,2024Q1,2024-02-20,51,2915726,102541675
control,2024Q1,2024-02-21,52,2998407,105540082
control,2024Q1,2024-02-22,53,2907953,108448035
control,2024Q1,2024-02-23,54,2483079,110931114
control,2024Q1,2024-02-24,55,641808,111572922
control,2024Q1,2024-02-25,56,676822,112249744
control,2024Q1,2024-02-26,57,2904809,115154553
control,2024Q1,2024-02-27,58,3000979,118155532
control,2024Q1,2024-02-28,59,2961999,121117531
control,2024Q1,2024-02-29,60,2990316,124107847
control,2024Q1,2024-03-01,61,2579632,126687479
control,2024Q1,2024-03-02,62,699342,127386821
control,2024Q1,2024-03-03,63,689983,128076804
control,2024Q1,2024-03-04,64,2935450,131012254
control,2024Q1,2024-03-05,65,3070837,134083091
control,2024Q1,2024-03-06,66,3010189,137093280
control,2024Q1,2024-03-07,67,2981343,140074623
control,2024Q1,2024-03-08,68,2451601,142526224
control,2024Q1,2024-03-09,69,694680,143220904
control,2024Q1,2024-03-10,70,668211,143889115
control,2024Q1,2024-03-11,71,2950826,146839941
control,2024Q1,2024-03-12,72,3107051,149946992
control,2024Q1,2024-03-13,73,3053037,153000029
control,2024Q1,2024-03-14,74,2965753,155965782
control,2024Q1,2024-03-15,75,2639239,158605021
control,2024Q1,2024-03-16,76,720299,159325320
control,2024Q1,2024-03-17,77,698732,160024052
control,2024Q1,2024-03-18,78,3009378,163033430
control,2024Q1,2024-03-19,79,3075084,166108514
control,2024Q1,2024-03-20,80,2973401,169081915
control,2024Q1,2024-03-21,81,3001299,172083214
control,2024Q1,2024-03-22,82,2627789,174711003
control,2024Q1,2024-03-23,83,666422,175377425
control,2024Q1,2024-03-24,84,672184,176049609
control,2024Q1,2024-03-25,85,2862595,178912204
control,2024Q1,2024-03-26,86,2162262,181074466
control,2024Q1,2024-03-27,87,2956990,184031456
control,2024Q1,2024-03-28,88,2700705,186732161
control,2024Q1,2024-03-29,89,1738823,188470984
control,2024Q1,2024-03-30,90,595140,189066124
control,2024Q1,2024-03-31,91,587712,189653836
control,2024Q2,2024-04-01,1,2044721,2044721
control,2024Q2,2024-04-02,2,2888984,4933705
control,2024Q2,2024-04-03,3,2953466,7887171
control,2024Q2,2024-04-04,4,2935859,10823030
control,2024Q2,2024-04-05,5,2483871,13306901
control,2024Q2,2024-04-06,6,650709,13957610
control,2024Q2,2024-04-07,7,664557,14622167
control,2024Q2,2024-04-08,8,2815354,17437521
control,2024Q2,2024-04-09,9,2872820,20310341
control,2024Q2,2024-04-10,10,2788554,23098895
control,2024Q2,2024-04-11,11,2868486,25967381
control,2024Q2,2024-04-12,12,2493607,28460988
control,2024Q2,2024-04-13,13,620152,29081140
control,2024Q2,2024-04-14,14,608916,29690056
control,2024Q2,2024-04-15,15,2925903,32615959
control,2024Q2,2024-04-16,16,2988784,35604743
control,2024Q2,2024-04-17,17,2924819,38529562
control,2024Q2,2024-04-18,18,2930619,41460181
control,2024Q2,2024-04-19,19,2515058,43975239
control,2024Q2,2024-04-20,20,619698,44594937
control,2024Q2,2024-04-21,21,648229,45243166
control,2024Q2,2024-04-22,22,2885374,48128540
control,2024Q2,2024-04-23,23,3009896,51138436
control,2024Q2,2024-04-24,24,2987446,54125882
control,2024Q2,2024-04-25,25,2907078,57032960
control,2024Q2,2024-04-26,26,2547283,59580243
control,2024Q2,2024-04-27,27,651649,60231892
control,2024Q2,2024-04-28,28,621824,60853716
control,2024Q2,2024-04-29,29,2770738,63624454
control,2024Q2,2024-04-30,30,2930510,66554964
control,2024Q2,2024-05-01,31,2101013,68655977
control,2024Q2,2024-05-02,32,2856195,71512172
control,2024Q2,2024-05-03,33,2396414,73908586
control,2024Q2,2024-05-04,34,659642,74568228
control,2024Q2,2024-05-05,35,652198,75220426
control,2024Q2,2024-05-06,36,2652574,77873000
control,2024Q2,2024-05-07,37,3013218,80886218
control,2024Q2,2024-05-08,38,2916116,83802334
control,2024Q2,2024-05-09,39,2589397,86391731
control,2024Q2,2024-05-10,40,2426221,88817952
control,2024Q2,2024-05-11,41,643886,89461838
control,2024Q2,2024-05-12,42,643969,90105807
control,2024Q2,2024-05-13,43,2903519,93009326
control,2024Q2,2024-05-14,44,3059014,96068340
control,2024Q2,2024-05-15,45,3028162,99096502
control,2024Q2,2024-05-16,46,3001040,102097542
control,2024Q2,2024-05-17,47,2552885,104650427
control,2024Q2,2024-05-18,48,619805,105270232
control,2024Q2,2024-05-19,49,643140,105913372
control,2024Q2,2024-05-20,50,2545054,108458426
control,2024Q2,2024-05-21,51,3027692,111486118
control,2024Q2,2024-05-22,52,3077956,114564074
control,2024Q2,2024-05-23,53,2960002,117524076
control,2024Q2,2024-05-24,54,2613926,120138002
control,2024Q2,2024-05-25,55,625310,120763312
control,2024Q2,2024-05-26,56,658082,121421394
control,2024Q2,2024-05-27,57,2417738,123839132
control,2024Q2,2024-05-28,58,3065570,126904702
control,2024Q2,2024-05-29,59,3224181,130128883
control,2024Q2,2024-05-30,60,2945617,133074500
control,2024Q2,2024-05-31,61,2633569,135708069
control,2024Q2,2024-06-01,62,700873,136408942
control,2024Q2,2024-06-02,63,666980,137075922
control,2024Q2,2024-06-03,64,3112596,140188518
control,2024Q2,2024-06-04,65,3304108,143492626
control,2024Q2,2024-06-05,66,3279717,146772343
control,2024Q2,2024-06-06,67,3187066,149959409
control,2024Q2,2024-06-07,68,2765252,152724661
control,2024Q2,2024-06-08,69,661470,153386131
control,2024Q2,2024-06-09,70,673435,154059566
control,2024Q2,2024-06-10,71,3135668,157195234
control,2024Q2,2024-06-11,72,3315468,160510702
control,2024Q2,2024-06-12,73,3214473,163725175
control,2024Q2,2024-06-13,74,3279689,167004864
control,2024Q2,2024-06-14,75,2689554,169694418
control,2024Q2,2024-06-15,76,611647,170306065
control,2024Q2,2024-06-16,77,643479,170949544
control,2024Q2,2024-06-17,78,3084779,174034323
control,2024Q2,2024-06-18,79,3305581,177339904
control,2024Q2,2024-06-19,80,2808293,180148197
control,2024Q2,2024-06-20,81,3069382,183217579
control,2024Q2,2024-06-21,82,2739628,185957207
control,2024Q2,2024-06-22,83,676064,186633271
control,2024Q2,2024-06-23,84,684025,187317296
control,2024Q2,2024-06-24,85,3090795,190408091
control,2024Q2,2024-06-25,86,3252378,193660469
control,2024Q2,2024-06-26,87,3239241,196899710
control,2024Q2,2024-06-27,88,3164123,200063833
control,2024Q2,2024-06-28,89,2585872,202649705
control,2024Q2,2024-06-29,90,649349,203299054
control,2024Q2,2024-06-30,91,687835,203986889
control,2024Q3,2024-07-01,1,3064830,3064830
control,2024Q3,2024-07-02,2,3336103,6400933
control,2024Q3,2024-07-03,3,3219182,9620115
control,2024Q3,2024-07-04,4,2495437,12115552
control,2024Q3,2024-07-05,5,2263570,14379122
control,2024Q3,2024-07-06,6,607697,14986819
control,2024Q3,2024-07-07,7,649133,15635952
control,2024Q3,2024-07-08,8,3096517,18732469
control,2024Q3,2024-07-09,9,3186878,21919347
control,2024Q3,2024-07-10,10,3253098,25172445
control,2024Q3,2024-07-11,11,3198661,28371106
control,2024Q3,2024-07-12,12,2694100,31065206
control,2024Q3,2024-07-13,13,668556,31733762
control,2024Q3,2024-07-14,14,669718,32403480
control,2024Q3,2024-07-15,15,3035355,35438835
control,2024Q3,2024-07-16,16,3235614,38674449
control,2024Q3,2024-07-17,17,3281503,41955952
control,2024Q3,2024-07-18,18,3158449,45114401
control,2024Q3,2024-07-19,19,2686383,47800784
control,2024Q3,2024-07-20,20,640189,48440973
control,2024Q3,2024-07-21,21,673627,49114600
control,2024Q3,2024-07-22,22,3124087,52238687
control,2024Q3,2024-07-23,23,3303800,55542487
control,2024Q3,2024-07-24,24,3256880,58799367
control,2024Q3,2024-07-25,25,3196713,61996080
control,2024Q3,2024-07-26,26,2654618,64650698
control,2024Q3,2024-07-27,27,633980,65284678
control,2024Q3,2024-07-28,28,672359,65957037
control,2024Q3,2024-07-29,29,3164517,69121554
control,2024Q3,2024-07-30,30,3255998,72377552
control,2024Q3,2024-07-31,31,3289247,75666799
control,2024Q3,2024-08-01,32,3434090,79100889
control,2024Q3,2024-08-02,33,2890381,81991270
control,2024Q3,2024-08-03,34,677839,82669109
control,2024Q3,2024-08-04,35,679345,83348454
control,2024Q3,2024-08-05,36,3196236,86544690
control,2024Q3,2024-08-06,37,3451777,89996467
control,2024Q3,2024-08-07,38,3413397,93409864
control,2024Q3,2024-08-08,39,3406435,96816299
control,2024Q3,2024-08-09,40,2863826,99680125
control,2024Q3,2024-08-10,41,683375,100363500
control,2024Q3,2024-08-11,42,731713,101095213
control,2024Q3,2024-08-12,43,3239839,104335052
control,2024Q3,2024-08-13,44,3495226,107830278
control,2024Q3,2024-08-14,45,3400022,111230300
control,2024Q3,2024-08-15,46,2803114,114033414
control,2024Q3,2024-08-16,47,2740094,116773508
control,2024Q3,2024-08-17,48,675540,117449048
control,2024Q3,2024-08-18,49,719968,118169016
control,2024Q3,2024-08-19,50,3307307,121476323
control,2024Q3,2024-08-20,51,3630430,125106753
control,2024Q3,2024-08-21,52,3473552,128580305
control,2024Q3,2024-08-22,53,3442799,132023104
control,2024Q3,2024-08-23,54,2970913,134994017
control,2024Q3,2024-08-24,55,718182,135712199
control,2024Q3,2024-08-25,56,714737,136426936
control,2024Q3,2024-08-26,57,3284020,139710956
control,2024Q3,2024-08-27,58,3685466,143396422
control,2024Q3,2024-08-28,59,3663108,147059530
control,2024Q3,2024-08-29,60,3501973,150561503
control,2024Q3,2024-08-30,61,2942768,153504271
control,2024Q3,2024-08-31,62,720017,154224288
control,2024Q3,2024-09-01,63,813285,155037573
control,2024Q3,2024-09-02,64,2730867,157768440
control,2024Q3,2024-09-03,65,3565259,161333699
control,2024Q3,2024-09-04,66,3727304,165061003
control,2024Q3,2024-09-05,67,3686233,168747236
control,2024Q3,2024-09-06,68,3082465,171829701
control,2024Q3,2024-09-07,69,719554,172549255
control,2024Q3,2024-09-08,70,772854,173322109
control,2024Q3,2024-09-09,71,3540007,176862116
control,2024Q3,2024-09-10,72,3775768,180637884
control,2024Q3,2024-09-11,73,3732545,184370429
control,2024Q3,2024-09-12,74,3829797,188200226
control,2024Q3,2024-09-13,75,3200978,191401204
control,2024Q3,2024-09-14,76,779016,192180220
control,2024Q3,2024-09-15,77,774315,192954535
control,2024Q3,2024-09-16,78,3427611,196382146
control,2024Q3,2024-09-17,79,3641477,200023623
control,2024Q3,2024-09-18,80,3734243,203757866
control,2024Q3,2024-09-19,81,3643101,207400967
control,2024Q3,2024-09-20,82,3165030,210565997
control,2024Q3,2024-09-21,83,784192,211350189
control,2024Q3,2024-09-22,84,806601,212156790
control,2024Q3,2024-09-23,85,3648101,215804891
control,2024Q3,2024-09-24,86,3889446,219694337
control,2024Q3,2024-09-25,87,3850391,223544728
control,2024Q3,2024-09-26,88,3781412,227326140
control,2024Q3,2024-09-27,89,3221547,230547687
control,2024Q3,2024-09-28,90,816111,231363798
control,2024Q3,2024-09-29,91,859167,232222965
control,2024Q3,2024-09-30,92,3664675,235887640
control,2024Q4,2024-10-01,1,3745465,3745465
control,2024Q4,2024-10-02,2,3580839,7326304
control,2024Q4,2024-10-03,3,3582608,10908912
control,2024Q4,2024-10-04,4,3321239,14230151
control,2024Q4,2024-10-05,5,786243,15016394
control,2024Q4,2024-10-06,6,820486,15836880
control,2024Q4,2024-10-07,7,3806487,19643367
control,2024Q4,2024-10-08,8,4112051,23755418
control,2024Q4,2024-10-09,9,4149400,27904818
control,2024Q4,2024-10-10,10,4092436,31997254
control,2024Q4,2024-10-11,11,3405432,35402686
control,2024Q4,2024-10-12,12,851711,36254397
control,2024Q4,2024-10-13,13,841330,37095727
control,2024Q4,2024-10-14,14,3441524,40537251
control,2024Q4,2024-10-15,15,4088432,44625683
control,2024Q4,2024-10-16,16,3935103,48560786
control,2024Q4,2024-10-17,17,4014317,52575103
control,2024Q4,2024-10-18,18,3479003,56054106
control,2024Q4,2024-10-19,19,852427,56906533
control,2024Q4,2024-10-20,20,888797,57795330
control,2024Q4,2024-10-21,21,4008423,61803753
control,2024Q4,2024-10-22,22,4159680,65963433
control,2024Q4,2024-10-23,23,4125418,70088851
control,2024Q4,2024-10-24,24,3889656,73978507
control,2024Q4,2024-10-25,25,3585218,77563725
control,2024Q4,2024-10-26,26,857103,78420828
control,2024Q4,2024-10-27,27,875907,79296735
control,2024Q4,2024-10-28,28,4043588,83340323
control,2024Q4,2024-10-29,29,4288104,87628427
control,2024Q4,2024-10-30,30,4041633,91670060
control,2024Q4,2024-10-31,31,3810846,95480906
control,2024Q4,2024-11-01,32,2888352,98369258
control,2024Q4,2024-11-02,33,792977,99162235
control,2024Q4,2024-11-03,34,860902,100023137
control,2024Q4,2024-11-04,35,3819485,103842622
control,2024Q4,2024-11-05,36,3998722,107841344
control,2024Q4,2024-11-06,37,4018087,111859431
control,2024Q4,2024-11-07,38,4131475,115990906
control,2024Q4,2024-11-08,39,3574756,119565662
control,2024Q4,2024-11-09,40,899429,120465091
control,2024Q4,2024-11-10,41,884799,121349890
control,2024Q4,2024-11-11,42,3507734,124857624
control,2024Q4,2024-11-12,43,4230813,129088437
control,2024Q4,2024-11-13,44,4338317,133426754
control,2024Q4,2024-11-14,45,3844085,137270839
control,2024Q4,2024-11-15,46,3583381,140854220
control,2024Q4,2024-11-16,47,919900,141774120
control,2024Q4,2024-11-17,48,931150,142705270
control,2024Q4,2024-11-18,49,4198173,146903443
control,2024Q4,2024-11-19,50,4400710,151304153
control,2024Q4,2024-11-20,51,4372535,155676688
control,2024Q4,2024-11-21,52,4440297,160116985
control,2024Q4,2024-11-22,53,3829604,163946589
control,2024Q4,2024-11-23,54,950519,164897108
control,2024Q4,2024-11-24,55,927029,165824137
control,2024Q4,2024-11-25,56,4213760,170037897
control,2024Q4,2024-11-26,57,4475042,174512939
control,2024Q4,2024-11-27,58,3939925,178452864
control,2024Q4,2024-11-28,59,3258619,181711483
control,2024Q4,2024-11-29,60,2717740,184429223
control,2024Q4,2024-11-30,61,747496,185176719
control,2024Q4,2024-12-01,62,929896,186106615
control,2024Q4,2024-12-02,63,4030318,190136933
control,2024Q4,2024-12-03,64,4358600,194495533
control,2024Q4,2024-12-04,65,4518303,199013836
control,2024Q4,2024-12-05,66,4365936,203379772
control,2024Q4,2024-12-06,67,3613186,206992958
control,2024Q4,2024-12-07,68,849494,207842452
control,2024Q4,2024-12-08,69,869924,208712376
control,2024Q4,2024-12-09,70,4231400,212943776
control,2024Q4,2024-12-10,71,4469018,217412794
control,2024Q4,2024-12-11,72,4370485,221783279
control,2024Q4,2024-12-12,73,4191845,225975124
control,2024Q4,2024-12-13,74,3484837,229459961
control,2024Q4,2024-12-14,75,859557,230319518
control,2024Q4,2024-12-15,76,931674,231251192
control,2024Q4,2024-12-16,77,4146692,235397884
control,2024Q4,2024-12-17,78,4368535,239766419
control,2024Q4,2024-12-18,79,4264479,244030898
control,2024Q4,2024-12-19,80,4240212,248271110
control,2024Q4,2024-12-20,81,3472791,251743901
control,2024Q4,2024-12-21,82,823194,252567095
control,2024Q4,2024-12-22,83,812204,253379299
control,2024Q4,2024-12-23,84,2591788,255971087
control,2024Q4,2024-12-24,85,1861320,257832407
control,2024Q4,2024-12-25,86,1091239,258923646
control,2024Q4,2024-12-26,87,1614601,260538247
control,2024Q4,2024-12-27,88,1711867,262250114
control,2024Q4,2024-12-28,89,707883,262957997
control,2024Q4,2024-12-29,90,789126,263747123
control,2024Q4,2024-12-30,91,2049738,265796861
control,2024Q4,2024-12-31,92,1574117,267370978
control,2025Q1,2025-01-01,1,978400,978400
control,2025Q1,2025-01-02,2,2640944,3619344
control,2025Q1,2025-01-03,3,2697209,6316553
control,2025Q1,2025-01-04,4,842444,7158997
control,2025Q1,2025-01-05,5,865154,8024151
control,2025Q1,2025-01-06,6,3510155,11534306
control,2025Q1,2025-01-07,7,3983411,15517717
control,2025Q1,2025-01-08,8,4130907,19648624
control,2025Q1,2025-01-09,9,4175854,23824478
control,2025Q1,2025-01-10,10,3786288,27610766
control,2025Q1,2025-01-11,11,922954,28533720
control,2025Q1,2025-01-12,12,934445,29468165
control,2025Q1,2025-01-13,13,4033550,33501715
control,2025Q1,2025-01-14,14,4315240,37816955
control,2025Q1,2025-01-15,15,4426882,42243837
control,2025Q1,2025-01-16,16,4375567,46619404
control,2025Q1,2025-01-17,17,3949440,50568844
control,2025Q1,2025-01-18,18,897102,51465946
control,2025Q1,2025-01-19,19,943361,52409307
control,2025Q1,2025-01-20,20,3619577,56028884
control,2025Q1,2025-01-21,21,4253504,60282388
control,2025Q1,2025-01-22,22,4511810,64794198
control,2025Q1,2025-01-23,23,4519475,69313673
control,2025Q1,2025-01-24,24,3832727,73146400
control,2025Q1,2025-01-25,25,931160,74077560
control,2025Q1,2025-01-26,26,946230,75023790
control,2025Q1,2025-01-27,27,4266582,79290372
control,2025Q1,2025-01-28,28,4526785,83817157
control,2025Q1,2025-01-29,29,4381779,88198936
control,2025Q1,2025-01-30,30,4243804,92442740
control,2025Q1,2025-01-31,31,3814093,96256833
control,2025Q1,2025-02-01,32,1074005,97330838
control,2025Q1,2025-02-02,33,1031160,98361998
control,2025Q1,2025-02-03,34,4489421,102851419
control,2025Q1,2025-02-04,35,4646920,107498339
control,2025Q1,2025-02-05,36,4654459,112152798
control,2025Q1,2025-02-06,37,4526797,116679595
control,2025Q1,2025-02-07,38,4114059,120793654
control,2025Q1,2025-02-08,39,1048415,121842069
control,2025Q1,2025-02-09,40,1097358,122939427
control,2025Q1,2025-02-10,41,4736036,127675463
control,2025Q1,2025-02-11,42,4926498,132601961
control,2025Q1,2025-02-12,43,4876533,137478494
control,2025Q1,2025-02-13,44,4882895,142361389
control,2025Q1,2025-02-14,45,4136477,146497866
control,2025Q1,2025-02-15,46,1028331,147526197
control,2025Q1,2025-02-16,47,1114060,148640257
control,2025Q1,2025-02-17,48,4090707,152730964
control,2025Q1,2025-02-18,49,4788620,157519584
control,2025Q1,2025-02-19,50,4910308,162429892
control,2025Q1,2025-02-20,51,4808189,167238081
control,2025Q1,2025-02-21,52,4125713,171363794
control,2025Q1,2025-02-22,53,1048239,172412033
control,2025Q1,2025-02-23,54,1087308,173499341
control,2025Q1,2025-02-24,55,4618124,178117465
control,2025Q1,2025-02-25,56,5035651,183153116
control,2025Q1,2025-02-26,57,4999971,188153087
control,2025Q1,2025-02-27,58,4967846,193120933
control,2025Q1,2025-02-28,59,4245034,197365967
control,2025Q1,2025-03-01,60,1159723,198525690
control,2025Q1,2025-03-02,61,1151835,199677525
control,2025Q1,2025-03-03,62,4652011,204329536
control,2025Q1,2025-03-04,63,4875150,209204686
control,2025Q1,2025-03-05,64,4867603,214072289
control,2025Q1,2025-03-06,65,4812858,218885147
control,2025Q1,2025-03-07,66,4227064,223112211
control,2025Q1,2025-03-08,67,1168983,224281194
control,2025Q1,2025-03-09,68,1179797,225460991
control,2025Q1,2025-03-10,69,4760184,230221175
control,2025Q1,2025-03-11,70,5184139,235405314
control,2025Q1,2025-03-12,71,5190486,240595800
control,2025Q1,2025-03-13,72,4932685,245528485
control,2025Q1,2025-03-14,73,4064740,249593225
control,2025Q1,2025-03-15,74,1080891,250674116
control,2025Q1,2025-03-16,75,1115291,251789407
control,2025Q1,2025-03-17,76,4913448,256702855
control,2025Q1,2025-03-18,77,5147465,261850320
control,2025Q1,2025-03-19,78,5121835,266972155
control,2025Q1,2025-03-20,79,4972339,271944494
control,2025Q1,2025-03-21,80,4339982,276284476
control,2025Q1,2025-03-22,81,1102446,277386922
control,2025Q1,2025-03-23,82,1166226,278553148
control,2025Q1,2025-03-24,83,5018287,283571435
control,2025Q1,2025-03-25,84,5276406,288847841
control,2025Q1,2025-03-26,85,5066675,293914516
control,2025Q1,2025-03-27,86,5078556,298993072
control,2025Q1,2025-03-28,87,4328146,303321218
control,2025Q1,2025-03-29,88,1081552,304402770
control,2025Q1,2025-03-30,89,1159517,305562287
control,2025Q1,2025-03-31,90,4777240,310339527
control,2025Q2,2025-04-01,1,5312210,5312210
control,2025Q2,2025-04-02,2,5066682,10378892
control,2025Q2,2025-04-03,3,4949309,15328201
control,2025Q2,2025-04-04,4,4121831,19450032
control,2025Q2,2025-04-05,5,1074591,20524623
control,2025Q2,2025-04-06,6,1126277,21650900
control,2025Q2,2025-04-07,7,4839996,26490896
control,2025Q2,2025-04-08,8,5245267,31736163
control,2025Q2,2025-04-09,9,5041491,36777654
control,2025Q2,2025-04-10,10,4970374,41748028
control,2025Q2,2025-04-11,11,4265613,46013641
control,2025Q2,2025-04-12,12,1174542,47188183
control,2025Q2,2025-04-13,13,1043172,48231355
control,2025Q2,2025-04-14,14,5007303,53238658
control,2025Q2,2025-04-15,15,5215353,58454011
control,2025Q2,2025-04-16,16,5301536,63755547
control,2025Q2,2025-04-17,17,4850359,68605906
control,2025Q2,2025-04-18,18,2937653,71543559
control,2025Q2,2025-04-19,19,1070090,72613649
control,2025Q2,2025-04-20,20,1085250,73698899
control,2025Q2,2025-04-21,21,3386366,77085265
control,2025Q2,2025-04-22,22,5090895,82176160
control,2025Q2,2025-04-23,23,5208834,87384994
control,2025Q2,2025-04-24,24,5102361,92487355
control,2025Q2,2025-04-25,25,4277776,96765131
control,2025Q2,2025-04-26,26,1059369,97824500
control,2025Q2,2025-04-27,27,1201509,99026009
control,2025Q2,2025-04-28,28,4847461,103873470
control,2025Q2,2025-04-29,29,5145745,109019215
control,2025Q2,2025-04-30,30,5058578,114077793
control,2025Q2,2025-05-01,31,3500189,117577982
control,2025Q2,2025-05-02,32,3820940,121398922
control,2025Q2,2025-05-03,33,1074256,122473178
control,2025Q2,2025-05-04,34,1169390,123642568
control,2025Q2,2025-05-05,35,4624013,128266581
control,2025Q2,2025-05-06,36,5248873,133515454
control,2025Q2,2025-05-07,37,5260904,138776358
control,2025Q2,2025-05-08,38,4896423,143672781
control,2025Q2,2025-05-09,39,4309906,147982687
control,2025Q2,2025-05-10,40,1074413,149057100
control,2025Q2,2025-05-11,41,1165701,150222801
control,2025Q2,2025-05-12,42,5080205,155303006
control,2025Q2,2025-05-13,43,5478638,160781644
control,2025Q2,2025-05-14,44,5411433,166193077
control,2025Q2,2025-05-15,45,5281185,171474262
control,2025Q2,2025-05-16,46,4498636,175972898
control,2025Q2,2025-05-17,47,1132012,177104910
control,2025Q2,2025-05-18,48,1258621,178363531
control,2025Q2,2025-05-19,49,5154939,183518470
control,2025Q2,2025-05-20,50,5560485,189078955
control,2025Q2,2025-05-21,51,5580187,194659142
control,2025Q2,2025-05-22,52,5311446,199970588
control,2025Q2,2025-05-23,53,4487569,204458157
control,2025Q2,2025-05-24,54,1167083,205625240
control,2025Q2,2025-05-25,55,1264774,206890014
control,2025Q2,2025-05-26,56,3932870,210822884
control,2025Q2,2025-05-27,57,5552640,216375524
control,2025Q2,2025-05-28,58,5259852,221635376
control,2025Q2,2025-05-29,59,4678334,226313710
control,2025Q2,2025-05-30,60,4530259,230843969
control,2025Q2,2025-05-31,61,1197594,232041563
control,2025Q2,2025-06-01,62,1278263,233319826
control,2025Q2,2025-06-02,63,5110135,238429961
control,2025Q2,2025-06-03,64,5540216,243970177
control,2025Q2,2025-06-04,65,5455445,249425622
control,2025Q2,2025-06-05,66,5305764,254731386
control,2025Q2,2025-06-06,67,4468203,259199589
control,2025Q2,2025-06-07,68,1192102,260391691
control,2025Q2,2025-06-08,69,1229713,261621404
control,2025Q2,2025-06-09,70,4455986,266077390
control,2025Q2,2025-06-10,71,5384739,271462129
control,2025Q2,2025-06-11,72,5503773,276965902
control,2025Q2,2025-06-12,73,5077640,282043542
control,2025Q2,2025-06-13,74,4721332,286764874
control,2025Q2,2025-06-14,75,1321812,288086686
control,2025Q2,2025-06-15,76,1431824,289518510
control,2025Q2,2025-06-16,77,5514166,295032676
control,2025Q2,2025-06-17,78,5809861,300842537
control,2025Q2,2025-06-18,79,6181037,307023574
control,2025Q2,2025-06-19,80,4474488,311498062
control,2025Q2,2025-06-20,81,4477975,315976037
control,2025Q2,2025-06-21,82,1540250,317516287
control,2025Q2,2025-06-22,83,1488144,319004431
control,2025Q2,2025-06-23,84,5494328,324498759
control,2025Q2,2025-06-24,85,5745673,330244432
control,2025Q2,2025-06-25,86,5660382,335904814
control,2025Q2,2025-06-26,87,5521801,341426615
control,2025Q2,2025-06-27,88,4822198,346248813
control,2025Q2,2025-06-28,89,1398004,347646817
control,2025Q2,2025-06-29,90,1430175,349076992
control,2025Q2,2025-06-30,91,5291050,354368042
control,2025Q3,2025-07-01,1,5518346,5518346
control,2025Q3,2025-07-02,2,5456231,10974577
control,2025Q3,2025-07-03,3,5125057,16099634
control,2025Q3,2025-07-04,4,3655744,19755378
control,2025Q3,2025-07-05,5,1178540,20933918
control,2025Q3,2025-07-06,6,1321497,22255415
control,2025Q3,2025-07-07,7,5249534,27504949
control,2025Q3,2025-07-08,8,5627570,33132519
control,2025Q3,2025-07-09,9,5374974,38507493
control,2025Q3,2025-07-10,10,5307411,43814904
control,2025Q3,2025-07-11,11,4747693,48562597
control,2025Q3,2025-07-12,12,1304738,49867335
control,2025Q3,2025-07-13,13,1387270,51254605
control,2025Q3,2025-07-14,14,5161085,56415690
control,2025Q3,2025-07-15,15,5540572,61956262
control,2025Q3,2025-07-16,16,5514931,67471193
control,2025Q3,2025-07-17,17,5442937,72914130
control,2025Q3,2025-07-18,18,4669391,77583521
control,2025Q3,2025-07-19,19,1299428,78882949
control,2025Q3,2025-07-20,20,1354759,80237708
control,2025Q3,2025-07-21,21,5192635,85430343
control,2025Q3,2025-07-22,22,5718864,91149207
control,2025Q3,2025-07-23,23,5740814,96890021
control,2025Q3,2025-07-24,24,5593588,102483609
control,2025Q3,2025-07-25,25,4680020,107163629
control,2025Q3,2025-07-26,26,1226684,108390313
control,2025Q3,2025-07-27,27,1301612,109691925
control,2025Q3,2025-07-28,28,5399809,115091734
control,2025Q3,2025-07-29,29,5746291,120838025
control,2025Q3,2025-07-30,30,5662551,126500576
control,2025Q3,2025-07-31,31,5620351,132120927
control,2025Q3,2025-08-01,32,4904976,137025903
control,2025Q3,2025-08-02,33,1330694,138356597
control,2025Q3,2025-08-03,34,1402927,139759524
control,2025Q3,2025-08-04,35,5353649,145113173
control,2025Q3,2025-08-05,36,5706586,150819759
control,2025Q3,2025-08-06,37,5692248,156512007
control,2025Q3,2025-08-07,38,5652315,162164322
control,2025Q3,2025-08-08,39,4863447,167027769
control,2025Q3,2025-08-09,40,1319162,168346931
control,2025Q3,2025-08-10,41,1472178,169819109
control,2025Q3,2025-08-11,42,5456096,175275205
control,2025Q3,2025-08-12,43,5864028,181139233
control,2025Q3,2025-08-13,44,5857785,186997018
control,2025Q3,2025-08-14,45,5607325,192604343
control,2025Q3,2025-08-15,46,4253649,196857992
control,2025Q3,2025-08-16,47,1295115,198153107
control,2025Q3,2025-08-17,48,1383772,199536879
control,2025Q3,2025-08-18,49,5524763,205061642
control,2025Q3,2025-08-19,50,6009742,211071384
control,2025Q3,2025-08-20,51,6001775,217073159
control,2025Q3,2025-08-21,52,5786787,222859946
control,2025Q3,2025-08-22,53,5064162,227924108
control,2025Q3,2025-08-23,54,1376726,229300834
control,2025Q3,2025-08-24,55,1429690,230730524
control,2025Q3,2025-08-25,56,5383897,236114421
control,2025Q3,2025-08-26,57,5881659,241996080
control,2025Q3,2025-08-27,58,5765924,247762004
control,2025Q3,2025-08-28,59,5831803,253593807
control,2025Q3,2025-08-29,60,5094921,258688728
control,2025Q3,2025-08-30,61,1538041,260226769
control,2025Q3,2025-08-31,62,1727688,261954457
control,2025Q3,2025-09-01,63,4622757,266577214
control,2025Q3,2025-09-02,64,5876927,272454141
control,2025Q3,2025-09-03,65,6215113,278669254
control,2025Q3,2025-09-04,66,6170065,284839319
control,2025Q3,2025-09-05,67,5268467,290107786
control,2025Q3,2025-09-06,68,1542928,291650714
control,2025Q3,2025-09-07,69,1554286,293205000
control,2025Q3,2025-09-08,70,6044907,299249907
control,2025Q3,2025-09-09,71,6395562,305645469
control,2025Q3,2025-09-10,72,6389932,312035401
control,2025Q3,2025-09-11,73,6266386,318301787
control,2025Q3,2025-09-12,74,5477106,323778893
control,2025Q3,2025-09-13,75,1660706,325439599
control,2025Q3,2025-09-14,76,1648220,327087819
control,2025Q3,2025-09-15,77,6198224,333286043
control,2025Q3,2025-09-16,78,6458879,339744922
control,2025Q3,2025-09-17,79,6413576,346158498
control,2025Q3,2025-09-18,80,6315566,352474064
control,2025Q3,2025-09-19,81,5529300,358003364
control,2025Q3,2025-09-20,82,1497379,359500743
control,2025Q3,2025-09-21,83,1575827,361076570
control,2025Q3,2025-09-22,84,5989792,367066362
control,2025Q3,2025-09-23,85,6141804,373208166
control,2025Q3,2025-09-24,86,6228196,379436362
control,2025Q3,2025-09-25,87,6542607,385978969
control,2025Q3,2025-09-26,88,5606570,391585539
control,2025Q3,2025-09-27,89,1630863,393216402
control,2025Q3,2025-09-28,90,1747523,394963925
control,2025Q3,2025-09-29,91,6378246,401342171
control,2025Q3,2025-09-30,92,6672792,408014963
control,2025Q4,2025-10-01,1,6515134,6515134
control,2025Q4,2025-10-02,2,5977991,12493125
control,2025Q4,2025-10-03,3,5321116,17814241
control,2025Q4,2025-10-04,4,1675630,19489871
control,2025Q4,2025-10-05,5,1686986,21176857
control,2025Q4,2025-10-06,6,6194099,27370956
control,2025Q4,2025-10-07,7,6513795,33884751
control,2025Q4,2025-10-08,8,6486936,40371687
control,2025Q4,2025-10-09,9,6379327,46751014
control,2025Q4,2025-10-10,10,5699984,52450998
control,2025Q4,2025-10-11,11,1784578,54235576
control,2025Q4,2025-10-12,12,1794711,56030287
control,2025Q4,2025-10-13,13,5701155,61731442
control,2025Q4,2025-10-14,14,6463653,68195095
control,2025Q4,2025-10-15,15,6628734,74823829
control,2025Q4,2025-10-16,16,6574422,81398251
control,2025Q4,2025-10-17,17,5723570,87121821
control,2025Q4,2025-10-18,18,1794154,88915975
control,2025Q4,2025-10-19,19,1866077,90782052
control,2025Q4,2025-10-20,20,5637947,96419999
control,2025Q4,2025-10-21,21,290963,96710962
control,2025Q4,2025-10-22,22,6690967,103401929
control,2025Q4,2025-10-23,23,6441082,109843011
control,2025Q4,2025-10-24,24,5793294,115636305
control,2025Q4,2025-10-25,25,1788314,117424619
control,2025Q4,2025-10-26,26,1762649,119187268
control,2025Q4,2025-10-27,27,6495609,125682877
control,2025Q4,2025-10-28,28,6704619,132387496
control,2025Q4,2025-10-29,29,6595220,138982716
control,2025Q4,2025-10-30,30,6543829,145526545
control,2025Q4,2025-10-31,31,5503173,151029718
control,2025Q4,2025-11-01,32,1824326,152854044
control,2025Q4,2025-11-02,33,1770691,154624735
control,2025Q4,2025-11-03,34,6302110,160926845
control,2025Q4,2025-11-04,35,6863155,167790000
control,2025Q4,2025-11-05,36,6786399,174576399
control,2025Q4,2025-11-06,37,6813406,181389805
control,2025Q4,2025-11-07,38,5892288,187282093
control,2025Q4,2025-11-08,39,1823985,189106078
control,2025Q4,2025-11-09,40,1958790,191064868
control,2025Q4,2025-11-10,41,6611149,197676017
control,2025Q4,2025-11-11,42,6321270,203997287
control,2025Q4,2025-11-12,43,6983432,210980719
control,2025Q4,2025-11-13,44,6872995,217853714
control,2025Q4,2025-11-14,45,6039106,223892820
control,2025Q4,2025-11-15,46,1842940,225735760
control,2025Q4,2025-11-16,47,1925132,227660892
control,2025Q4,2025-11-17,48,6677995,234338887
control,2025Q4,2025-11-18,49,6935383,241274270
control,2025Q4,2025-11-19,50,7320237,248594507
control,2025Q4,2025-11-20,51,6889896,255484403
control,2025Q4,2025-11-21,52,5926686,261411089
control,2025Q4,2025-11-22,53,1826544,263237633
control,2025Q4,2025-11-23,54,1923275,265160908
control,2025Q4,2025-11-24,55,6583140,271744048
control,2025Q4,2025-11-25,56,7130204,278874252
control,2025Q4,2025-11-26,57,6817983,285692235
control,2025Q4,2025-11-27,58,5570254,291262489
control,2025Q4,2025-11-28,59,4595127,295857616
control,2025Q4,2025-11-29,60,1656215,297513831
control,2025Q4,2025-11-30,61,1847487,299361318
control,2025Q4,2025-12-01,62,6719844,306081162
control,2025Q4,2025-12-02,63,7439505,313520667
control,2025Q4,2025-12-03,64,7309517,320830184
control,2025Q4,2025-12-04,65,7340856,328171040
control,2025Q4,2025-12-05,66,6189738,334360778
control,2025Q4,2025-12-06,67,1976311,336337089
control,2025Q4,2025-12-07,68,2115961,338453050
control,2025Q4,2025-12-08,69,6939931,345392981
control,2025Q4,2025-12-09,70,7500894,352893875
control,2025Q4,2025-12-10,71,7351544,360245419
control,2025Q4,2025-12-11,72,7256609,367502028
control,2025Q4,2025-12-12,73,6342736,373844764
control,2025Q4,2025-12-13,74,1803983,375648747
control,2025Q4,2025-12-14,75,1896697,377545444
control,2025Q4,2025-12-15,76,6972218,384517662
control,2025Q4,2025-12-16,77,7448157,391965819
control,2025Q4,2025-12-17,78,7229003,399194822
control,2025Q4,2025-12-18,79,6970663,406165485
control,2025Q4,2025-12-19,80,5837113,412002598
control,2025Q4,2025-12-20,81,1854073,413856671
control,2025Q4,2025-12-21,82,1853332,415710003
control,2025Q4,2025-12-22,83,5363179,421073182
control,2025Q4,2025-12-23,84,5117439,426190621
control,2025Q4,2025-12-24,85,3498494,429689115
control,2025Q4,2025-12-25,86,1976519,431665634
control,2025Q4,2025-12-26,87,2403992,434069626
control,2025Q4,2025-12-27,88,1456445,435526071
control,2025Q4,2025-12-28,89,1682484,437208555
control,2025Q4,2025-12-29,90,4010967,441219522
control,2025Q4,2025-12-30,91,4011670,445231192
control,2025Q4,2025-12-31,92,3190505,448421697
control,2026Q1,2026-01-01,1,2018517,2018517
control,2026Q1,2026-01-02,2,3360421,5378938
control,2026Q1,2026-01-03,3,1709374,7088312
control,2026Q1,2026-01-04,4,1999664,9087976
control,2026Q1,2026-01-05,5,6295220,15383196
control,2026Q1,2026-01-06,6,6642486,22025682
control,2026Q1,2026-01-07,7,6970636,28996318
control,2026Q1,2026-01-08,8,7224278,36220596
control,2026Q1,2026-01-09,9,6436514,42657110
control,2026Q1,2026-01-10,10,2071356,44728466
control,2026Q1,2026-01-11,11,2158430,46886896
control,2026Q1,2026-01-12,12,7143700,54030596
control,2026Q1,2026-01-13,13,7932068,61962664
control,2026Q1,2026-01-14,14,7765666,69728330
control,2026Q1,2026-01-15,15,7615356,77343686
control,2026Q1,2026-01-16,16,6758502,84102188
control,2026Q1,2026-01-17,17,2139218,86241406
control,2026Q1,2026-01-18,18,2222266,88463672
control,2026Q1,2026-01-19,19,6671572,95135244
control,2026Q1,2026-01-20,20,7869856,103005100
control,2026Q1,2026-01-21,21,8191309,111196409
control,2026Q1,2026-01-22,22,8459445,119655854
control,2026Q1,2026-01-23,23,7286522,126942376
control,2026Q1,2026-01-24,24,2352901,129295277
control,2026Q1,2026-01-25,25,2380886,131676163
control,2026Q1,2026-01-26,26,7378773,139054936
control,2026Q1,2026-01-27,27,8490324,147545260
control,2026Q1,2026-01-28,28,8559223,156104483
control,2026Q1,2026-01-29,29,8368937,164473420
control,2026Q1,2026-01-30,30,7327277,171800697
control,2026Q1,2026-01-31,31,2407829,174208526
control,2026Q1,2026-02-01,32,2731774,176940300
control,2026Q1,2026-02-02,33,7769112,184709412
control,2026Q1,2026-02-03,34,8951151,193660563
control,2026Q1,2026-02-04,35,8706187,202366750
control,2026Q1,2026-02-05,36,8673644,211040394
control,2026Q1,2026-02-06,37,7559911,218600305
control,2026Q1,2026-02-07,38,2616816,221217121
control,2026Q1,2026-02-08,39,2676594,223893715
control,2026Q1,2026-02-09,40,8084130,231977845
control,2026Q1,2026-02-10,41,9075380,241053225
control,2026Q1,2026-02-11,42,8817659,249870884
control,2026Q1,2026-02-12,43,8893583,258764467
control,2026Q1,2026-02-13,44,7693722,266458189
control,2026Q1,2026-02-14,45,2600448,269058637
control,2026Q1,2026-02-15,46,2710349,271768986
control,2026Q1,2026-02-16,47,7051427,278820413
control,2026Q1,2026-02-17,48,8252335,287072748
control,2026Q1,2026-02-18,49,9016315,296089063
control,2026Q1,2026-02-19,50,9035555,305124618
control,2026Q1,2026-02-20,51,8465126,313589744
control,2026Q1,2026-02-21,52,3144690,316734434
control,2026Q1,2026-02-22,53,3079881,319814315
control,2026Q1,2026-02-23,54,8877811,328692126
control,2026Q1,2026-02-24,55,9628404,338320530
control,2026Q1,2026-02-25,56,9663858,347984388
control,2026Q1,2026-02-26,57,9494302,357478690
control,2026Q1,2026-02-27,58,8417603,365896293
control,2026Q1,2026-02-28,59,3103598,368999891
control,2026Q1,2026-03-01,60,3371178,372371069
control,2026Q1,2026-03-02,61,9216594,381587663
control,2026Q1,2026-03-03,62,9546470,391134133
control,2026Q1,2026-03-04,63,9942544,401076677
control,2026Q1,2026-03-05,64,9760029,410836706
control,2026Q1,2026-03-06,65,8936568,419773274
control,2026Q1,2026-03-07,66,4046735,423820009
control,2026Q1,2026-03-08,67,3750591,427570600
control,2026Q1,2026-03-09,68,9824875,437395475
control,2026Q1,2026-03-10,69,10678954,448074429
control,2026Q1,2026-03-11,70,10333296,458407725
control,2026Q1,2026-03-12,71,10463252,468870977
control,2026Q1,2026-03-13,72,9392563,478263540
control,2026Q1,2026-03-14,73,3465727,481729267
control,2026Q1,2026-03-15,74,3567377,485296644
control,2026Q1,2026-03-16,75,10261692,495558336
control,2026Q1,2026-03-17,76,10699653,506257989
control,2026Q1,2026-03-18,77,11008720,517266709
control,2026Q1,2026-03-19,78,10220923,527487632
control,2026Q1,2026-03-20,79,8687944,536175576
control,2026Q1,2026-03-21,80,3314037,539489613
control,2026Q1,2026-03-22,81,3379568,542869181
control,2026Q1,2026-03-23,82,10124572,552993753
control,2026Q1,2026-03-24,83,10702520,563696273
control,2026Q1,2026-03-25,84,10835796,574532069
control,2026Q1,2026-03-26,85,11231711,585763780
control,2026Q1,2026-03-27,86,9925518,595689298
control,2026Q1,2026-03-28,87,3743031,599432329
control,2026Q1,2026-03-29,88,3828645,603260974
control,2026Q1,2026-03-30,89,10888478,614149452
control,2026Q1,2026-03-31,90,11261101,625410553
control,2026Q2,2026-04-01,1,11454400,11454400
control,2026Q2,2026-04-02,2,10740606,22195006
control,2026Q2,2026-04-03,3,7707974,29902980
control,2026Q2,2026-04-04,4,3843035,33746015
control,2026Q2,2026-04-05,5,3782491,37528506
control,2026Q2,2026-04-06,6,8655953,46184459
control,2026Q2,2026-04-07,7,11521281,57705740
control,2026Q2,2026-04-08,8,11806497,69512237
control,2026Q2,2026-04-09,9,12051627,81563864
control,2026Q2,2026-04-10,10,10702699,92266563
control,2026Q2,2026-04-11,11,3953339,96219902
control,2026Q2,2026-04-12,12,4132052,100351954
control,2026Q2,2026-04-13,13,11431535,111783489
control,2026Q2,2026-04-14,14,12127844,123911333
control,2026Q2,2026-04-15,15,12167787,136079120
control,2026Q2,2026-04-16,16,12090320,148169440
control,2026Q2,2026-04-17,17,10902363,159071803
control,2026Q2,2026-04-18,18,4208691,163280494
control,2026Q2,2026-04-19,19,4402977,167683471
control,2026Q2,2026-04-20,20,12333597,180017068
control,2026Q2,2026-04-21,21,12651135,192668203
control,2026Q2,2026-04-22,22,12865837,205534040
control,2026Q2,2026-04-23,23,12552399,218086439
control,2026Q2,2026-04-24,24,11103009,229189448
control,2026Q2,2026-04-25,25,4354577,233544025
control,2026Q2,2026-04-26,26,4757285,238301310
control,2026Q2,2026-04-27,27,12878573,251179883
control,2026Q2,2026-04-28,28,13523462,264703345
control,2026Q2,2026-04-29,29,13844211,278547556
control,2026Q2,2026-04-30,30,12858403,291405959
control,2026Q2,2026-05-01,31,9554870,300960829
control,2026Q2,2026-05-02,32,4929936,305890765
control,2026Q2,2026-05-03,33,4957372,310848137
control,2026Q2,2026-05-04,34,12353886,323202023
control,2026Q2,2026-05-05,35,13662166,336864189
control,2026Q2,2026-05-06,36,13847326,350711515
control,2026Q2,2026-05-07,37,14206598,364918113
control,2026Q2,2026-05-08,38,12634550,377552663
control,2026Q2,2026-05-09,39,5629936,383182599
control,2026Q2,2026-05-10,40,5476902,388659501
control,2026Q2,2026-05-11,41,14460113,403119614
control,2026Q2,2026-05-12,42,15369390,418489004
control,2026Q2,2026-05-13,43,15038855,433527859
control,2026Q2,2026-05-14,44,13569206,447097065
control,2026Q2,2026-05-15,45,12483539,459580604
control,2026Q2,2026-05-16,46,5517241,465097845
control,2026Q2,2026-05-17,47,5682409,470780254
control,2026Q2,2026-05-18,48,14252649,485032903
control,2026Q2,2026-05-19,49,15120155,500153058
control,2026Q2,2026-05-20,50,15166229,515319287
control,2026Q2,2026-05-21,51,14539464,529858751
control,2026Q2,2026-05-22,52,12899278,542758029
control,2026Q2,2026-05-23,53,5433961,548191990
control,2026Q2,2026-05-24,54,5760933,553952923
control,2026Q2,2026-05-25,55,10923019,564875942
control,2026Q2,2026-05-26,56,14120347,578996289
control,2026Q2,2026-05-27,57,15187040,594183329
control,2026Q2,2026-05-28,58,15232660,609415989
control,2026Q2,2026-05-29,59,13189157,622605146
control,2026Q2,2026-05-30,60,5996020,628601166
control,2026Q2,2026-05-31,61,6121950,634723116
control,2026Q2,2026-06-01,62,14672574,649395690
control,2026Q2,2026-06-02,63,15634649,665030339
control,2026Q2,2026-06-03,64,373751,665404090
control,2026Q2,2026-06-04,65,14805778,680209868
control,2026Q2,2026-06-05,66,13088868,693298736
control,2026Q2,2026-06-06,67,5781288,699080024
control,2026Q2,2026-06-07,68,5672661,704752685
control,2026Q2,2026-06-08,69,14233383,718986068
control,2026Q2,2026-06-09,70,15458922,734444990
control,2026Q2,2026-06-10,71,15893844,750338834
control,2026Q2,2026-06-11,72,16416942,766755776
control,2026Q2,2026-06-12,73,14958838,781714614
control,2026Q2,2026-06-13,74,6108431,787823045
control,2026Q2,2026-06-14,75,6023374,793846419
control,2026Q2,2026-06-15,76,15492183,809338602
control,2026Q2,2026-06-16,77,16816729,826155331
control,2026Q2,2026-06-17,78,16251507,842406838
control,2026Q2,2026-06-18,79,16201104,858607942
control,2026Q2,2026-06-19,80,13039324,871647266
control,2026Q2,2026-06-20,81,6682329,878329595
control,2026Q2,2026-06-21,82,6817239,885146834
control,2026Q2,2026-06-22,83,16247057,901393891
control,2026Q2,2026-06-23,84,15711956,917105847
control,2026Q2,2026-06-24,85,15680705,932786552
control,2026Q2,2026-06-25,86,15557758,948344310
control,2026Q2,2026-06-26,87,13678926,962023236
control,2026Q2,2026-06-27,88,6006647,968029883
control,2026Q2,2026-06-28,89,6406230,974436113
control,2026Q2,2026-06-29,90,15078575,989514688
control,2026Q2,2026-06-30,91,15618019,1005132707
control,2026Q3,2026-07-01,1,15442800,15442800
control,2026Q3,2026-07-02,2,16060851,31503651
control,2026Q3,2026-07-03,3,12122263,43625914
control,2026Q3,2026-07-04,4,5899958,49525872
control,2026Q3,2026-07-05,5,5989138,55515010
control,2026Q3,2026-07-06,6,15373919,70888929
control,2026Q3,2026-07-07,7,17033040,87921969
control,2026Q3,2026-07-08,8,17155542,105077511
control,2026Q3,2026-07-09,9,321606,105399117
control,2026Q3,2026-07-10,10,15063943,120463060
control,2026Q3,2026-07-11,11,7041372,127504432
control,2026Q3,2026-07-12,12,0,127504432
control,2026Q3,2026-07-13,13,16850285,144354717
control,2026Q3,2026-07-14,14,17527306,161882023
control,2026Q3,2026-07-15,15,17337742,179219765
control,2026Q3,2026-07-16,16,17093466,196313231
control,2026Q3,2026-07-17,17,15364987,211678218
control,2026Q3,2026-07-18,18,7278923,218957141
control,2026Q3,2026-07-19,19,7053416,226010557
control,2026Q3,2026-07-20,20,16404343,242414900
control,2026Q3,2026-07-21,21,18888820,261303720
control,2026Q3,2026-07-22,22,18564978,279868698
control,2026Q3,2026-07-23,23,17843254,297711952
control,2026Q3,2026-07-24,24,15940345,313652297
control,2026Q3,2026-07-25,25,7442801,321095098
control,2026Q3,2026-07-26,26,7497872,328592970
control,2026Q3,2026-07-27,27,18093514,346686484
control,2026Q3,2026-07-28,28,18932169,365618653
control,2026Q3,2026-07-29,29,18599492,384218145
control,2026Q3,2026-07-30,30,18667810,402885955
control,2026Q3,2026-07-31,31,16321116,419207071
control,2026Q3,2026-08-01,32,8200946,427408017
control,2026Q3,2026-08-02,33,7981454,435389471
control,2026Q3,2026-08-03,34,18205422,453594893
control,2026Q3,2026-08-04,35,19989877,473584770
control,2026Q3,2026-08-05,36,19608311,493193081
control,2026Q3,2026-08-06,37,15591514,508784595
control,2026Q3,2026-08-07,38,18054899,526839494
control,2026Q3,2026-08-08,39,8225232,535064726
control,2026Q3,2026-08-09,40,8423521,543488247
control,2026Q3,2026-08-10,41,19141991,562630238
control,2026Q3,2026-08-11,42,13980851,576611089
control,2026Q3,2026-08-12,43,19797607,596408696
control,2026Q3,2026-08-13,44,0,596408696
datadog,2017Q1,2017-01-01,1,40,40
datadog,2017Q1,2017-01-02,2,169,209
datadog,2017Q1,2017-01-03,3,270,479
datadog,2017Q1,2017-01-04,4,293,772
datadog,2017Q1,2017-01-05,5,317,1089
datadog,2017Q1,2017-01-06,6,253,1342
datadog,2017Q1,2017-01-07,7,68,1410
datadog,2017Q1,2017-01-08,8,49,1459
datadog,2017Q1,2017-01-09,9,269,1728
datadog,2017Q1,2017-01-10,10,257,1985
datadog,2017Q1,2017-01-11,11,316,2301
datadog,2017Q1,2017-01-12,12,321,2622
datadog,2017Q1,2017-01-13,13,283,2905
datadog,2017Q1,2017-01-14,14,34,2939
datadog,2017Q1,2017-01-15,15,50,2989
datadog,2017Q1,2017-01-16,16,273,3262
datadog,2017Q1,2017-01-17,17,343,3605
datadog,2017Q1,2017-01-18,18,517,4122
datadog,2017Q1,2017-01-19,19,371,4493
datadog,2017Q1,2017-01-20,20,361,4854
datadog,2017Q1,2017-01-21,21,26,4880
datadog,2017Q1,2017-01-22,22,72,4952
datadog,2017Q1,2017-01-23,23,351,5303
datadog,2017Q1,2017-01-24,24,423,5726
datadog,2017Q1,2017-01-25,25,348,6074
datadog,2017Q1,2017-01-26,26,365,6439
datadog,2017Q1,2017-01-27,27,346,6785
datadog,2017Q1,2017-01-28,28,84,6869
datadog,2017Q1,2017-01-29,29,28,6897
datadog,2017Q1,2017-01-30,30,315,7212
datadog,2017Q1,2017-01-31,31,428,7640
datadog,2017Q1,2017-02-01,32,409,8049
datadog,2017Q1,2017-02-02,33,403,8452
datadog,2017Q1,2017-02-03,34,329,8781
datadog,2017Q1,2017-02-04,35,65,8846
datadog,2017Q1,2017-02-05,36,77,8923
datadog,2017Q1,2017-02-06,37,293,9216
datadog,2017Q1,2017-02-07,38,376,9592
datadog,2017Q1,2017-02-08,39,480,10072
datadog,2017Q1,2017-02-09,40,361,10433
datadog,2017Q1,2017-02-10,41,311,10744
datadog,2017Q1,2017-02-11,42,83,10827
datadog,2017Q1,2017-02-12,43,73,10900
datadog,2017Q1,2017-02-13,44,391,11291
datadog,2017Q1,2017-02-14,45,405,11696
datadog,2017Q1,2017-02-15,46,409,12105
datadog,2017Q1,2017-02-16,47,456,12561
datadog,2017Q1,2017-02-17,48,350,12911
datadog,2017Q1,2017-02-18,49,62,12973
datadog,2017Q1,2017-02-19,50,95,13068
datadog,2017Q1,2017-02-20,51,308,13376
datadog,2017Q1,2017-02-21,52,339,13715
datadog,2017Q1,2017-02-22,53,359,14074
datadog,2017Q1,2017-02-23,54,406,14480
datadog,2017Q1,2017-02-24,55,454,14934
datadog,2017Q1,2017-02-25,56,90,15024
datadog,2017Q1,2017-02-26,57,113,15137
datadog,2017Q1,2017-02-27,58,387,15524
datadog,2017Q1,2017-02-28,59,362,15886
datadog,2017Q1,2017-03-01,60,444,16330
datadog,2017Q1,2017-03-02,61,379,16709
datadog,2017Q1,2017-03-03,62,453,17162
datadog,2017Q1,2017-03-04,63,48,17210
datadog,2017Q1,2017-03-05,64,106,17316
datadog,2017Q1,2017-03-06,65,434,17750
datadog,2017Q1,2017-03-07,66,436,18186
datadog,2017Q1,2017-03-08,67,421,18607
datadog,2017Q1,2017-03-09,68,425,19032
datadog,2017Q1,2017-03-10,69,531,19563
datadog,2017Q1,2017-03-11,70,83,19646
datadog,2017Q1,2017-03-12,71,87,19733
datadog,2017Q1,2017-03-13,72,466,20199
datadog,2017Q1,2017-03-14,73,567,20766
datadog,2017Q1,2017-03-15,74,359,21125
datadog,2017Q1,2017-03-16,75,507,21632
datadog,2017Q1,2017-03-17,76,440,22072
datadog,2017Q1,2017-03-18,77,196,22268
datadog,2017Q1,2017-03-19,78,93,22361
datadog,2017Q1,2017-03-20,79,406,22767
datadog,2017Q1,2017-03-21,80,578,23345
datadog,2017Q1,2017-03-22,81,651,23996
datadog,2017Q1,2017-03-23,82,576,24572
datadog,2017Q1,2017-03-24,83,438,25010
datadog,2017Q1,2017-03-25,84,111,25121
datadog,2017Q1,2017-03-26,85,92,25213
datadog,2017Q1,2017-03-27,86,535,25748
datadog,2017Q1,2017-03-28,87,579,26327
datadog,2017Q1,2017-03-29,88,532,26859
datadog,2017Q1,2017-03-30,89,708,27567
datadog,2017Q1,2017-03-31,90,639,28206
datadog,2017Q2,2017-04-01,1,208,208
datadog,2017Q2,2017-04-02,2,112,320
datadog,2017Q2,2017-04-03,3,540,860
datadog,2017Q2,2017-04-04,4,560,1420
datadog,2017Q2,2017-04-05,5,682,2102
datadog,2017Q2,2017-04-06,6,510,2612
datadog,2017Q2,2017-04-07,7,477,3089
datadog,2017Q2,2017-04-08,8,77,3166
datadog,2017Q2,2017-04-09,9,63,3229
datadog,2017Q2,2017-04-10,10,591,3820
datadog,2017Q2,2017-04-11,11,489,4309
datadog,2017Q2,2017-04-12,12,594,4903
datadog,2017Q2,2017-04-13,13,519,5422
datadog,2017Q2,2017-04-14,14,278,5700
datadog,2017Q2,2017-04-15,15,110,5810
datadog,2017Q2,2017-04-16,16,94,5904
datadog,2017Q2,2017-04-17,17,389,6293
datadog,2017Q2,2017-04-18,18,708,7001
datadog,2017Q2,2017-04-19,19,557,7558
datadog,2017Q2,2017-04-20,20,672,8230
datadog,2017Q2,2017-04-21,21,481,8711
datadog,2017Q2,2017-04-22,22,62,8773
datadog,2017Q2,2017-04-23,23,113,8886
datadog,2017Q2,2017-04-24,24,570,9456
datadog,2017Q2,2017-04-25,25,526,9982
datadog,2017Q2,2017-04-26,26,700,10682
datadog,2017Q2,2017-04-27,27,633,11315
datadog,2017Q2,2017-04-28,28,575,11890
datadog,2017Q2,2017-04-29,29,84,11974
datadog,2017Q2,2017-04-30,30,150,12124
datadog,2017Q2,2017-05-01,31,280,12404
datadog,2017Q2,2017-05-02,32,546,12950
datadog,2017Q2,2017-05-03,33,831,13781
datadog,2017Q2,2017-05-04,34,591,14372
datadog,2017Q2,2017-05-05,35,488,14860
datadog,2017Q2,2017-05-06,36,170,15030
datadog,2017Q2,2017-05-07,37,144,15174
datadog,2017Q2,2017-05-08,38,479,15653
datadog,2017Q2,2017-05-09,39,618,16271
datadog,2017Q2,2017-05-10,40,610,16881
datadog,2017Q2,2017-05-11,41,585,17466
datadog,2017Q2,2017-05-12,42,594,18060
datadog,2017Q2,2017-05-13,43,101,18161
datadog,2017Q2,2017-05-14,44,71,18232
datadog,2017Q2,2017-05-15,45,673,18905
datadog,2017Q2,2017-05-16,46,640,19545
datadog,2017Q2,2017-05-17,47,692,20237
datadog,2017Q2,2017-05-18,48,849,21086
datadog,2017Q2,2017-05-19,49,579,21665
datadog,2017Q2,2017-05-20,50,91,21756
datadog,2017Q2,2017-05-21,51,96,21852
datadog,2017Q2,2017-05-22,52,643,22495
datadog,2017Q2,2017-05-23,53,573,23068
datadog,2017Q2,2017-05-24,54,668,23736
datadog,2017Q2,2017-05-25,55,535,24271
datadog,2017Q2,2017-05-26,56,486,24757
datadog,2017Q2,2017-05-27,57,103,24860
datadog,2017Q2,2017-05-28,58,108,24968
datadog,2017Q2,2017-05-29,59,466,25434
datadog,2017Q2,2017-05-30,60,502,25936
datadog,2017Q2,2017-05-31,61,624,26560
datadog,2017Q2,2017-06-01,62,571,27131
datadog,2017Q2,2017-06-02,63,526,27657
datadog,2017Q2,2017-06-03,64,64,27721
datadog,2017Q2,2017-06-04,65,51,27772
datadog,2017Q2,2017-06-05,66,415,28187
datadog,2017Q2,2017-06-06,67,545,28732
datadog,2017Q2,2017-06-07,68,481,29213
datadog,2017Q2,2017-06-08,69,503,29716
datadog,2017Q2,2017-06-09,70,403,30119
datadog,2017Q2,2017-06-10,71,57,30176
datadog,2017Q2,2017-06-11,72,99,30275
datadog,2017Q2,2017-06-12,73,440,30715
datadog,2017Q2,2017-06-13,74,659,31374
datadog,2017Q2,2017-06-14,75,593,31967
datadog,2017Q2,2017-06-15,76,572,32539
datadog,2017Q2,2017-06-16,77,568,33107
datadog,2017Q2,2017-06-17,78,106,33213
datadog,2017Q2,2017-06-18,79,69,33282
datadog,2017Q2,2017-06-19,80,476,33758
datadog,2017Q2,2017-06-20,81,475,34233
datadog,2017Q2,2017-06-21,82,561,34794
datadog,2017Q2,2017-06-22,83,549,35343
datadog,2017Q2,2017-06-23,84,377,35720
datadog,2017Q2,2017-06-24,85,91,35811
datadog,2017Q2,2017-06-25,86,62,35873
datadog,2017Q2,2017-06-26,87,434,36307
datadog,2017Q2,2017-06-27,88,565,36872
datadog,2017Q2,2017-06-28,89,669,37541
datadog,2017Q2,2017-06-29,90,774,38315
datadog,2017Q2,2017-06-30,91,566,38881
datadog,2017Q3,2017-07-01,1,65,65
datadog,2017Q3,2017-07-02,2,52,117
datadog,2017Q3,2017-07-03,3,394,511
datadog,2017Q3,2017-07-04,4,569,1080
datadog,2017Q3,2017-07-05,5,665,1745
datadog,2017Q3,2017-07-06,6,701,2446
datadog,2017Q3,2017-07-07,7,583,3029
datadog,2017Q3,2017-07-08,8,89,3118
datadog,2017Q3,2017-07-09,9,54,3172
datadog,2017Q3,2017-07-10,10,586,3758
datadog,2017Q3,2017-07-11,11,561,4319
datadog,2017Q3,2017-07-12,12,599,4918
datadog,2017Q3,2017-07-13,13,538,5456
datadog,2017Q3,2017-07-14,14,519,5975
datadog,2017Q3,2017-07-15,15,96,6071
datadog,2017Q3,2017-07-16,16,63,6134
datadog,2017Q3,2017-07-17,17,473,6607
datadog,2017Q3,2017-07-18,18,597,7204
datadog,2017Q3,2017-07-19,19,553,7757
datadog,2017Q3,2017-07-20,20,595,8352
datadog,2017Q3,2017-07-21,21,512,8864
datadog,2017Q3,2017-07-22,22,89,8953
datadog,2017Q3,2017-07-23,23,84,9037
datadog,2017Q3,2017-07-24,24,528,9565
datadog,2017Q3,2017-07-25,25,459,10024
datadog,2017Q3,2017-07-26,26,517,10541
datadog,2017Q3,2017-07-27,27,472,11013
datadog,2017Q3,2017-07-28,28,370,11383
datadog,2017Q3,2017-07-29,29,66,11449
datadog,2017Q3,2017-07-30,30,85,11534
datadog,2017Q3,2017-07-31,31,472,12006
datadog,2017Q3,2017-08-01,32,527,12533
datadog,2017Q3,2017-08-02,33,596,13129
datadog,2017Q3,2017-08-03,34,728,13857
datadog,2017Q3,2017-08-04,35,409,14266
datadog,2017Q3,2017-08-05,36,88,14354
datadog,2017Q3,2017-08-06,37,71,14425
datadog,2017Q3,2017-08-07,38,513,14938
datadog,2017Q3,2017-08-08,39,545,15483
datadog,2017Q3,2017-08-09,40,614,16097
datadog,2017Q3,2017-08-10,41,580,16677
datadog,2017Q3,2017-08-11,42,633,17310
datadog,2017Q3,2017-08-12,43,120,17430
datadog,2017Q3,2017-08-13,44,81,17511
datadog,2017Q3,2017-08-14,45,576,18087
datadog,2017Q3,2017-08-15,46,498,18585
datadog,2017Q3,2017-08-16,47,593,19178
datadog,2017Q3,2017-08-17,48,648,19826
datadog,2017Q3,2017-08-18,49,511,20337
datadog,2017Q3,2017-08-19,50,105,20442
datadog,2017Q3,2017-08-20,51,95,20537
datadog,2017Q3,2017-08-21,52,457,20994
datadog,2017Q3,2017-08-22,53,1149,22143
datadog,2017Q3,2017-08-23,54,1363,23506
datadog,2017Q3,2017-08-24,55,1410,24916
datadog,2017Q3,2017-08-25,56,1236,26152
datadog,2017Q3,2017-08-26,57,836,26988
datadog,2017Q3,2017-08-27,58,829,27817
datadog,2017Q3,2017-08-28,59,1324,29141
datadog,2017Q3,2017-08-29,60,1301,30442
datadog,2017Q3,2017-08-30,61,1274,31716
datadog,2017Q3,2017-08-31,62,1229,32945
datadog,2017Q3,2017-09-01,63,1163,34108
datadog,2017Q3,2017-09-02,64,867,34975
datadog,2017Q3,2017-09-03,65,857,35832
datadog,2017Q3,2017-09-04,66,1160,36992
datadog,2017Q3,2017-09-05,67,767,37759
datadog,2017Q3,2017-09-06,68,540,38299
datadog,2017Q3,2017-09-07,69,688,38987
datadog,2017Q3,2017-09-08,70,562,39549
datadog,2017Q3,2017-09-09,71,53,39602
datadog,2017Q3,2017-09-10,72,38,39640
datadog,2017Q3,2017-09-11,73,535,40175
datadog,2017Q3,2017-09-12,74,610,40785
datadog,2017Q3,2017-09-13,75,417,41202
datadog,2017Q3,2017-09-14,76,546,41748
datadog,2017Q3,2017-09-15,77,454,42202
datadog,2017Q3,2017-09-16,78,59,42261
datadog,2017Q3,2017-09-17,79,63,42324
datadog,2017Q3,2017-09-18,80,420,42744
datadog,2017Q3,2017-09-19,81,442,43186
datadog,2017Q3,2017-09-20,82,564,43750
datadog,2017Q3,2017-09-21,83,627,44377
datadog,2017Q3,2017-09-22,84,424,44801
datadog,2017Q3,2017-09-23,85,96,44897
datadog,2017Q3,2017-09-24,86,86,44983
datadog,2017Q3,2017-09-25,87,524,45507
datadog,2017Q3,2017-09-26,88,623,46130
datadog,2017Q3,2017-09-27,89,722,46852
datadog,2017Q3,2017-09-28,90,1083,47935
datadog,2017Q3,2017-09-29,91,786,48721
datadog,2017Q3,2017-09-30,92,524,49245
datadog,2017Q4,2017-10-01,1,593,593
datadog,2017Q4,2017-10-02,2,1039,1632
datadog,2017Q4,2017-10-03,3,1041,2673
datadog,2017Q4,2017-10-04,4,1222,3895
datadog,2017Q4,2017-10-05,5,1250,5145
datadog,2017Q4,2017-10-06,6,1034,6179
datadog,2017Q4,2017-10-07,7,633,6812
datadog,2017Q4,2017-10-08,8,652,7464
datadog,2017Q4,2017-10-09,9,1035,8499
datadog,2017Q4,2017-10-10,10,1146,9645
datadog,2017Q4,2017-10-11,11,1129,10774
datadog,2017Q4,2017-10-12,12,1202,11976
datadog,2017Q4,2017-10-13,13,1084,13060
datadog,2017Q4,2017-10-14,14,597,13657
datadog,2017Q4,2017-10-15,15,610,14267
datadog,2017Q4,2017-10-16,16,1119,15386
datadog,2017Q4,2017-10-17,17,1105,16491
datadog,2017Q4,2017-10-18,18,1169,17660
datadog,2017Q4,2017-10-19,19,1241,18901
datadog,2017Q4,2017-10-20,20,1209,20110
datadog,2017Q4,2017-10-21,21,643,20753
datadog,2017Q4,2017-10-22,22,676,21429
datadog,2017Q4,2017-10-23,23,1363,22792
datadog,2017Q4,2017-10-24,24,1002,23794
datadog,2017Q4,2017-10-25,25,858,24652
datadog,2017Q4,2017-10-26,26,835,25487
datadog,2017Q4,2017-10-27,27,785,26272
datadog,2017Q4,2017-10-28,28,251,26523
datadog,2017Q4,2017-10-29,29,285,26808
datadog,2017Q4,2017-10-30,30,834,27642
datadog,2017Q4,2017-10-31,31,786,28428
datadog,2017Q4,2017-11-01,32,909,29337
datadog,2017Q4,2017-11-02,33,1091,30428
datadog,2017Q4,2017-11-03,34,940,31368
datadog,2017Q4,2017-11-04,35,336,31704
datadog,2017Q4,2017-11-05,36,355,32059
datadog,2017Q4,2017-11-06,37,818,32877
datadog,2017Q4,2017-11-07,38,1009,33886
datadog,2017Q4,2017-11-08,39,1182,35068
datadog,2017Q4,2017-11-09,40,892,35960
datadog,2017Q4,2017-11-10,41,777,36737
datadog,2017Q4,2017-11-11,42,402,37139
datadog,2017Q4,2017-11-12,43,386,37525
datadog,2017Q4,2017-11-13,44,910,38435
datadog,2017Q4,2017-11-14,45,1027,39462
datadog,2017Q4,2017-11-15,46,953,40415
datadog,2017Q4,2017-11-16,47,827,41242
datadog,2017Q4,2017-11-17,48,771,42013
datadog,2017Q4,2017-11-18,49,439,42452
datadog,2017Q4,2017-11-19,50,416,42868
datadog,2017Q4,2017-11-20,51,830,43698
datadog,2017Q4,2017-11-21,52,924,44622
datadog,2017Q4,2017-11-22,53,848,45470
datadog,2017Q4,2017-11-23,54,781,46251
datadog,2017Q4,2017-11-24,55,755,47006
datadog,2017Q4,2017-11-25,56,434,47440
datadog,2017Q4,2017-11-26,57,422,47862
datadog,2017Q4,2017-11-27,58,852,48714
datadog,2017Q4,2017-11-28,59,729,49443
datadog,2017Q4,2017-11-29,60,813,50256
datadog,2017Q4,2017-11-30,61,808,51064
datadog,2017Q4,2017-12-01,62,893,51957
datadog,2017Q4,2017-12-02,63,403,52360
datadog,2017Q4,2017-12-03,64,371,52731
datadog,2017Q4,2017-12-04,65,854,53585
datadog,2017Q4,2017-12-05,66,885,54470
datadog,2017Q4,2017-12-06,67,919,55389
datadog,2017Q4,2017-12-07,68,1003,56392
datadog,2017Q4,2017-12-08,69,870,57262
datadog,2017Q4,2017-12-09,70,507,57769
datadog,2017Q4,2017-12-10,71,529,58298
datadog,2017Q4,2017-12-11,72,762,59060
datadog,2017Q4,2017-12-12,73,606,59666
datadog,2017Q4,2017-12-13,74,710,60376
datadog,2017Q4,2017-12-14,75,522,60898
datadog,2017Q4,2017-12-15,76,462,61360
datadog,2017Q4,2017-12-16,77,132,61492
datadog,2017Q4,2017-12-17,78,88,61580
datadog,2017Q4,2017-12-18,79,505,62085
datadog,2017Q4,2017-12-19,80,580,62665
datadog,2017Q4,2017-12-20,81,520,63185
datadog,2017Q4,2017-12-21,82,492,63677
datadog,2017Q4,2017-12-22,83,408,64085
datadog,2017Q4,2017-12-23,84,44,64129
datadog,2017Q4,2017-12-24,85,58,64187
datadog,2017Q4,2017-12-25,86,52,64239
datadog,2017Q4,2017-12-26,87,120,64359
datadog,2017Q4,2017-12-27,88,252,64611
datadog,2017Q4,2017-12-28,89,249,64860
datadog,2017Q4,2017-12-29,90,155,65015
datadog,2017Q4,2017-12-30,91,39,65054
datadog,2017Q4,2017-12-31,92,58,65112
datadog,2018Q1,2018-01-01,1,55,55
datadog,2018Q1,2018-01-02,2,375,430
datadog,2018Q1,2018-01-03,3,683,1113
datadog,2018Q1,2018-01-04,4,668,1781
datadog,2018Q1,2018-01-05,5,588,2369
datadog,2018Q1,2018-01-06,6,121,2490
datadog,2018Q1,2018-01-07,7,100,2590
datadog,2018Q1,2018-01-08,8,591,3181
datadog,2018Q1,2018-01-09,9,644,3825
datadog,2018Q1,2018-01-10,10,593,4418
datadog,2018Q1,2018-01-11,11,643,5061
datadog,2018Q1,2018-01-12,12,588,5649
datadog,2018Q1,2018-01-13,13,111,5760
datadog,2018Q1,2018-01-14,14,74,5834
datadog,2018Q1,2018-01-15,15,407,6241
datadog,2018Q1,2018-01-16,16,681,6922
datadog,2018Q1,2018-01-17,17,686,7608
datadog,2018Q1,2018-01-18,18,585,8193
datadog,2018Q1,2018-01-19,19,670,8863
datadog,2018Q1,2018-01-20,20,90,8953
datadog,2018Q1,2018-01-21,21,53,9006
datadog,2018Q1,2018-01-22,22,621,9627
datadog,2018Q1,2018-01-23,23,686,10313
datadog,2018Q1,2018-01-24,24,761,11074
datadog,2018Q1,2018-01-25,25,739,11813
datadog,2018Q1,2018-01-26,26,777,12590
datadog,2018Q1,2018-01-27,27,124,12714
datadog,2018Q1,2018-01-28,28,82,12796
datadog,2018Q1,2018-01-29,29,647,13443
datadog,2018Q1,2018-01-30,30,833,14276
datadog,2018Q1,2018-01-31,31,761,15037
datadog,2018Q1,2018-02-01,32,826,15863
datadog,2018Q1,2018-02-02,33,846,16709
datadog,2018Q1,2018-02-03,34,251,16960
datadog,2018Q1,2018-02-04,35,209,17169
datadog,2018Q1,2018-02-05,36,795,17964
datadog,2018Q1,2018-02-06,37,691,18655
datadog,2018Q1,2018-02-07,38,663,19318
datadog,2018Q1,2018-02-08,39,655,19973
datadog,2018Q1,2018-02-09,40,611,20584
datadog,2018Q1,2018-02-10,41,91,20675
datadog,2018Q1,2018-02-11,42,58,20733
datadog,2018Q1,2018-02-12,43,631,21364
datadog,2018Q1,2018-02-13,44,724,22088
datadog,2018Q1,2018-02-14,45,720,22808
datadog,2018Q1,2018-02-15,46,777,23585
datadog,2018Q1,2018-02-16,47,872,24457
datadog,2018Q1,2018-02-17,48,411,24868
datadog,2018Q1,2018-02-18,49,345,25213
datadog,2018Q1,2018-02-19,50,791,26004
datadog,2018Q1,2018-02-20,51,1120,27124
datadog,2018Q1,2018-02-21,52,1155,28279
datadog,2018Q1,2018-02-22,53,714,28993
datadog,2018Q1,2018-02-23,54,872,29865
datadog,2018Q1,2018-02-24,55,212,30077
datadog,2018Q1,2018-02-25,56,146,30223
datadog,2018Q1,2018-02-26,57,880,31103
datadog,2018Q1,2018-02-27,58,1035,32138
datadog,2018Q1,2018-02-28,59,855,32993
datadog,2018Q1,2018-03-01,60,1052,34045
datadog,2018Q1,2018-03-02,61,919,34964
datadog,2018Q1,2018-03-03,62,200,35164
datadog,2018Q1,2018-03-04,63,138,35302
datadog,2018Q1,2018-03-05,64,891,36193
datadog,2018Q1,2018-03-06,65,1106,37299
datadog,2018Q1,2018-03-07,66,1048,38347
datadog,2018Q1,2018-03-08,67,966,39313
datadog,2018Q1,2018-03-09,68,930,40243
datadog,2018Q1,2018-03-10,69,190,40433
datadog,2018Q1,2018-03-11,70,135,40568
datadog,2018Q1,2018-03-12,71,761,41329
datadog,2018Q1,2018-03-13,72,799,42128
datadog,2018Q1,2018-03-14,73,1014,43142
datadog,2018Q1,2018-03-15,74,991,44133
datadog,2018Q1,2018-03-16,75,742,44875
datadog,2018Q1,2018-03-17,76,225,45100
datadog,2018Q1,2018-03-18,77,174,45274
datadog,2018Q1,2018-03-19,78,700,45974
datadog,2018Q1,2018-03-20,79,935,46909
datadog,2018Q1,2018-03-21,80,807,47716
datadog,2018Q1,2018-03-22,81,652,48368
datadog,2018Q1,2018-03-23,82,588,48956
datadog,2018Q1,2018-03-24,83,112,49068
datadog,2018Q1,2018-03-25,84,56,49124
datadog,2018Q1,2018-03-26,85,706,49830
datadog,2018Q1,2018-03-27,86,793,50623
datadog,2018Q1,2018-03-28,87,827,51450
datadog,2018Q1,2018-03-29,88,921,52371
datadog,2018Q1,2018-03-30,89,441,52812
datadog,2018Q1,2018-03-31,90,144,52956
datadog,2018Q2,2018-04-01,1,93,93
datadog,2018Q2,2018-04-02,2,525,618
datadog,2018Q2,2018-04-03,3,858,1476
datadog,2018Q2,2018-04-04,4,810,2286
datadog,2018Q2,2018-04-05,5,952,3238
datadog,2018Q2,2018-04-06,6,853,4091
datadog,2018Q2,2018-04-07,7,148,4239
datadog,2018Q2,2018-04-08,8,125,4364
datadog,2018Q2,2018-04-09,9,880,5244
datadog,2018Q2,2018-04-10,10,914,6158
datadog,2018Q2,2018-04-11,11,1153,7311
datadog,2018Q2,2018-04-12,12,1117,8428
datadog,2018Q2,2018-04-13,13,1038,9466
datadog,2018Q2,2018-04-14,14,191,9657
datadog,2018Q2,2018-04-15,15,116,9773
datadog,2018Q2,2018-04-16,16,1025,10798
datadog,2018Q2,2018-04-17,17,1253,12051
datadog,2018Q2,2018-04-18,18,979,13030
datadog,2018Q2,2018-04-19,19,1001,14031
datadog,2018Q2,2018-04-20,20,957,14988
datadog,2018Q2,2018-04-21,21,128,15116
datadog,2018Q2,2018-04-22,22,85,15201
datadog,2018Q2,2018-04-23,23,900,16101
datadog,2018Q2,2018-04-24,24,1095,17196
datadog,2018Q2,2018-04-25,25,994,18190
datadog,2018Q2,2018-04-26,26,1048,19238
datadog,2018Q2,2018-04-27,27,1036,20274
datadog,2018Q2,2018-04-28,28,177,20451
datadog,2018Q2,2018-04-29,29,109,20560
datadog,2018Q2,2018-04-30,30,924,21484
datadog,2018Q2,2018-05-01,31,928,22412
datadog,2018Q2,2018-05-02,32,990,23402
datadog,2018Q2,2018-05-03,33,1029,24431
datadog,2018Q2,2018-05-04,34,1052,25483
datadog,2018Q2,2018-05-05,35,117,25600
datadog,2018Q2,2018-05-06,36,64,25664
datadog,2018Q2,2018-05-07,37,1188,26852
datadog,2018Q2,2018-05-08,38,892,27744
datadog,2018Q2,2018-05-09,39,1000,28744
datadog,2018Q2,2018-05-10,40,772,29516
datadog,2018Q2,2018-05-11,41,841,30357
datadog,2018Q2,2018-05-12,42,211,30568
datadog,2018Q2,2018-05-13,43,80,30648
datadog,2018Q2,2018-05-14,44,987,31635
datadog,2018Q2,2018-05-15,45,1184,32819
datadog,2018Q2,2018-05-16,46,997,33816
datadog,2018Q2,2018-05-17,47,1024,34840
datadog,2018Q2,2018-05-18,48,999,35839
datadog,2018Q2,2018-05-19,49,175,36014
datadog,2018Q2,2018-05-20,50,106,36120
datadog,2018Q2,2018-05-21,51,792,36912
datadog,2018Q2,2018-05-22,52,1455,38367
datadog,2018Q2,2018-05-23,53,1098,39465
datadog,2018Q2,2018-05-24,54,1338,40803
datadog,2018Q2,2018-05-25,55,1140,41943
datadog,2018Q2,2018-05-26,56,37,41980
datadog,2018Q2,2018-05-27,57,20,42000
datadog,2018Q2,2018-05-28,58,200,42200
datadog,2018Q2,2018-05-29,59,494,42694
datadog,2018Q2,2018-05-30,60,1118,43812
datadog,2018Q2,2018-05-31,61,1435,45247
datadog,2018Q2,2018-06-01,62,1254,46501
datadog,2018Q2,2018-06-02,63,241,46742
datadog,2018Q2,2018-06-03,64,177,46919
datadog,2018Q2,2018-06-04,65,1360,48279
datadog,2018Q2,2018-06-05,66,1793,50072
datadog,2018Q2,2018-06-06,67,1684,51756
datadog,2018Q2,2018-06-07,68,1439,53195
datadog,2018Q2,2018-06-08,69,1273,54468
datadog,2018Q2,2018-06-09,70,199,54667
datadog,2018Q2,2018-06-10,71,187,54854
datadog,2018Q2,2018-06-11,72,1075,55929
datadog,2018Q2,2018-06-12,73,1735,57664
datadog,2018Q2,2018-06-13,74,1876,59540
datadog,2018Q2,2018-06-14,75,1816,61356
datadog,2018Q2,2018-06-15,76,1531,62887
datadog,2018Q2,2018-06-16,77,243,63130
datadog,2018Q2,2018-06-17,78,160,63290
datadog,2018Q2,2018-06-18,79,1861,65151
datadog,2018Q2,2018-06-19,80,1864,67015
datadog,2018Q2,2018-06-20,81,1987,69002
datadog,2018Q2,2018-06-21,82,1899,70901
datadog,2018Q2,2018-06-22,83,1705,72606
datadog,2018Q2,2018-06-23,84,215,72821
datadog,2018Q2,2018-06-24,85,264,73085
datadog,2018Q2,2018-06-25,86,2081,75166
datadog,2018Q2,2018-06-26,87,2397,77563
datadog,2018Q2,2018-06-27,88,1920,79483
datadog,2018Q2,2018-06-28,89,2109,81592
datadog,2018Q2,2018-06-29,90,2096,83688
datadog,2018Q2,2018-06-30,91,147,83835
datadog,2018Q3,2018-07-01,1,72,72
datadog,2018Q3,2018-07-02,2,1507,1579
datadog,2018Q3,2018-07-03,3,1918,3497
datadog,2018Q3,2018-07-04,4,1493,4990
datadog,2018Q3,2018-07-05,5,2011,7001
datadog,2018Q3,2018-07-06,6,1858,8859
datadog,2018Q3,2018-07-07,7,269,9128
datadog,2018Q3,2018-07-08,8,230,9358
datadog,2018Q3,2018-07-09,9,2132,11490
datadog,2018Q3,2018-07-10,10,2143,13633
datadog,2018Q3,2018-07-11,11,2136,15769
datadog,2018Q3,2018-07-12,12,2061,17830
datadog,2018Q3,2018-07-13,13,1836,19666
datadog,2018Q3,2018-07-14,14,199,19865
datadog,2018Q3,2018-07-15,15,187,20052
datadog,2018Q3,2018-07-16,16,1744,21796
datadog,2018Q3,2018-07-17,17,2054,23850
datadog,2018Q3,2018-07-18,18,2157,26007
datadog,2018Q3,2018-07-19,19,2506,28513
datadog,2018Q3,2018-07-20,20,2172,30685
datadog,2018Q3,2018-07-21,21,289,30974
datadog,2018Q3,2018-07-22,22,208,31182
datadog,2018Q3,2018-07-23,23,2162,33344
datadog,2018Q3,2018-07-24,24,2883,36227
datadog,2018Q3,2018-07-25,25,2649,38876
datadog,2018Q3,2018-07-26,26,2621,41497
datadog,2018Q3,2018-07-27,27,2193,43690
datadog,2018Q3,2018-07-28,28,246,43936
datadog,2018Q3,2018-07-29,29,234,44170
datadog,2018Q3,2018-07-30,30,2481,46651
datadog,2018Q3,2018-07-31,31,2857,49508
datadog,2018Q3,2018-08-01,32,2374,51882
datadog,2018Q3,2018-08-02,33,2733,54615
datadog,2018Q3,2018-08-03,34,2113,56728
datadog,2018Q3,2018-08-04,35,370,57098
datadog,2018Q3,2018-08-05,36,429,57527
datadog,2018Q3,2018-08-06,37,2025,59552
datadog,2018Q3,2018-08-07,38,2717,62269
datadog,2018Q3,2018-08-08,39,2465,64734
datadog,2018Q3,2018-08-09,40,2529,67263
datadog,2018Q3,2018-08-10,41,2340,69603
datadog,2018Q3,2018-08-11,42,424,70027
datadog,2018Q3,2018-08-12,43,305,70332
datadog,2018Q3,2018-08-13,44,2413,72745
datadog,2018Q3,2018-08-14,45,2501,75246
datadog,2018Q3,2018-08-15,46,2930,78176
datadog,2018Q3,2018-08-16,47,2607,80783
datadog,2018Q3,2018-08-17,48,2337,83120
datadog,2018Q3,2018-08-18,49,394,83514
datadog,2018Q3,2018-08-19,50,247,83761
datadog,2018Q3,2018-08-20,51,2608,86369
datadog,2018Q3,2018-08-21,52,3202,89571
datadog,2018Q3,2018-08-22,53,3188,92759
datadog,2018Q3,2018-08-23,54,3246,96005
datadog,2018Q3,2018-08-24,55,2853,98858
datadog,2018Q3,2018-08-25,56,407,99265
datadog,2018Q3,2018-08-26,57,363,99628
datadog,2018Q3,2018-08-27,58,2447,102075
datadog,2018Q3,2018-08-28,59,3009,105084
datadog,2018Q3,2018-08-29,60,2747,107831
datadog,2018Q3,2018-08-30,61,2986,110817
datadog,2018Q3,2018-08-31,62,2670,113487
datadog,2018Q3,2018-09-01,63,564,114051
datadog,2018Q3,2018-09-02,64,320,114371
datadog,2018Q3,2018-09-03,65,1433,115804
datadog,2018Q3,2018-09-04,66,2939,118743
datadog,2018Q3,2018-09-05,67,3367,122110
datadog,2018Q3,2018-09-06,68,3123,125233
datadog,2018Q3,2018-09-07,69,2162,127395
datadog,2018Q3,2018-09-08,70,395,127790
datadog,2018Q3,2018-09-09,71,262,128052
datadog,2018Q3,2018-09-10,72,2902,130954
datadog,2018Q3,2018-09-11,73,3649,134603
datadog,2018Q3,2018-09-12,74,3704,138307
datadog,2018Q3,2018-09-13,75,3720,142027
datadog,2018Q3,2018-09-14,76,3264,145291
datadog,2018Q3,2018-09-15,77,472,145763
datadog,2018Q3,2018-09-16,78,375,146138
datadog,2018Q3,2018-09-17,79,3401,149539
datadog,2018Q3,2018-09-18,80,3712,153251
datadog,2018Q3,2018-09-19,81,4336,157587
datadog,2018Q3,2018-09-20,82,4280,161867
datadog,2018Q3,2018-09-21,83,3542,165409
datadog,2018Q3,2018-09-22,84,710,166119
datadog,2018Q3,2018-09-23,85,715,166834
datadog,2018Q3,2018-09-24,86,3601,170435
datadog,2018Q3,2018-09-25,87,4004,174439
datadog,2018Q3,2018-09-26,88,4408,178847
datadog,2018Q3,2018-09-27,89,4259,183106
datadog,2018Q3,2018-09-28,90,4171,187277
datadog,2018Q3,2018-09-29,91,516,187793
datadog,2018Q3,2018-09-30,92,376,188169
datadog,2018Q4,2018-10-01,1,3543,3543
datadog,2018Q4,2018-10-02,2,4490,8033
datadog,2018Q4,2018-10-03,3,4490,12523
datadog,2018Q4,2018-10-04,4,3797,16320
datadog,2018Q4,2018-10-05,5,3332,19652
datadog,2018Q4,2018-10-06,6,423,20075
datadog,2018Q4,2018-10-07,7,462,20537
datadog,2018Q4,2018-10-08,8,3674,24211
datadog,2018Q4,2018-10-09,9,4784,28995
datadog,2018Q4,2018-10-10,10,5051,34046
datadog,2018Q4,2018-10-11,11,4654,38700
datadog,2018Q4,2018-10-12,12,4443,43143
datadog,2018Q4,2018-10-13,13,536,43679
datadog,2018Q4,2018-10-14,14,602,44281
datadog,2018Q4,2018-10-15,15,3983,48264
datadog,2018Q4,2018-10-16,16,4996,53260
datadog,2018Q4,2018-10-17,17,4981,58241
datadog,2018Q4,2018-10-18,18,4663,62904
datadog,2018Q4,2018-10-19,19,4228,67132
datadog,2018Q4,2018-10-20,20,572,67704
datadog,2018Q4,2018-10-21,21,907,68611
datadog,2018Q4,2018-10-22,22,3720,72331
datadog,2018Q4,2018-10-23,23,5784,78115
datadog,2018Q4,2018-10-24,24,5858,83973
datadog,2018Q4,2018-10-25,25,4897,88870
datadog,2018Q4,2018-10-26,26,4473,93343
datadog,2018Q4,2018-10-27,27,1247,94590
datadog,2018Q4,2018-10-28,28,509,95099
datadog,2018Q4,2018-10-29,29,5370,100469
datadog,2018Q4,2018-10-30,30,5201,105670
datadog,2018Q4,2018-10-31,31,5112,110782
datadog,2018Q4,2018-11-01,32,5000,115782
datadog,2018Q4,2018-11-02,33,4997,120779
datadog,2018Q4,2018-11-03,34,1032,121811
datadog,2018Q4,2018-11-04,35,611,122422
datadog,2018Q4,2018-11-05,36,5398,127820
datadog,2018Q4,2018-11-06,37,6000,133820
datadog,2018Q4,2018-11-07,38,6785,140605
datadog,2018Q4,2018-11-08,39,6115,146720
datadog,2018Q4,2018-11-09,40,5490,152210
datadog,2018Q4,2018-11-10,41,1598,153808
datadog,2018Q4,2018-11-11,42,1062,154870
datadog,2018Q4,2018-11-12,43,5607,160477
datadog,2018Q4,2018-11-13,44,6587,167064
datadog,2018Q4,2018-11-14,45,6417,173481
datadog,2018Q4,2018-11-15,46,6068,179549
datadog,2018Q4,2018-11-16,47,6649,186198
datadog,2018Q4,2018-11-17,48,1840,188038
datadog,2018Q4,2018-11-18,49,1303,189341
datadog,2018Q4,2018-11-19,50,6487,195828
datadog,2018Q4,2018-11-20,51,6999,202827
datadog,2018Q4,2018-11-21,52,6218,209045
datadog,2018Q4,2018-11-22,53,4153,213198
datadog,2018Q4,2018-11-23,54,3125,216323
datadog,2018Q4,2018-11-24,55,711,217034
datadog,2018Q4,2018-11-25,56,624,217658
datadog,2018Q4,2018-11-26,57,5743,223401
datadog,2018Q4,2018-11-27,58,8284,231685
datadog,2018Q4,2018-11-28,59,7678,239363
datadog,2018Q4,2018-11-29,60,7685,247048
datadog,2018Q4,2018-11-30,61,8094,255142
datadog,2018Q4,2018-12-01,62,1353,256495
datadog,2018Q4,2018-12-02,63,827,257322
datadog,2018Q4,2018-12-03,64,8529,265851
datadog,2018Q4,2018-12-04,65,9952,275803
datadog,2018Q4,2018-12-05,66,9560,285363
datadog,2018Q4,2018-12-06,67,9206,294569
datadog,2018Q4,2018-12-07,68,6630,301199
datadog,2018Q4,2018-12-08,69,1336,302535
datadog,2018Q4,2018-12-09,70,810,303345
datadog,2018Q4,2018-12-10,71,7284,310629
datadog,2018Q4,2018-12-11,72,8639,319268
datadog,2018Q4,2018-12-12,73,8144,327412
datadog,2018Q4,2018-12-13,74,8893,336305
datadog,2018Q4,2018-12-14,75,7441,343746
datadog,2018Q4,2018-12-15,76,1234,344980
datadog,2018Q4,2018-12-16,77,1245,346225
datadog,2018Q4,2018-12-17,78,8342,354567
datadog,2018Q4,2018-12-18,79,9345,363912
datadog,2018Q4,2018-12-19,80,9159,373071
datadog,2018Q4,2018-12-20,81,8588,381659
datadog,2018Q4,2018-12-21,82,5880,387539
datadog,2018Q4,2018-12-22,83,960,388499
datadog,2018Q4,2018-12-23,84,780,389279
datadog,2018Q4,2018-12-24,85,1451,390730
datadog,2018Q4,2018-12-25,86,895,391625
datadog,2018Q4,2018-12-26,87,2172,393797
datadog,2018Q4,2018-12-27,88,3156,396953
datadog,2018Q4,2018-12-28,89,2785,399738
datadog,2018Q4,2018-12-29,90,698,400436
datadog,2018Q4,2018-12-30,91,708,401144
datadog,2018Q4,2018-12-31,92,1738,402882
datadog,2019Q1,2019-01-01,1,595,595
datadog,2019Q1,2019-01-02,2,7053,7648
datadog,2019Q1,2019-01-03,3,7768,15416
datadog,2019Q1,2019-01-04,4,7036,22452
datadog,2019Q1,2019-01-05,5,813,23265
datadog,2019Q1,2019-01-06,6,936,24201
datadog,2019Q1,2019-01-07,7,7240,31441
datadog,2019Q1,2019-01-08,8,9191,40632
datadog,2019Q1,2019-01-09,9,8533,49165
datadog,2019Q1,2019-01-10,10,8481,57646
datadog,2019Q1,2019-01-11,11,7702,65348
datadog,2019Q1,2019-01-12,12,1211,66559
datadog,2019Q1,2019-01-13,13,1303,67862
datadog,2019Q1,2019-01-14,14,7459,75321
datadog,2019Q1,2019-01-15,15,9647,84968
datadog,2019Q1,2019-01-16,16,9065,94033
datadog,2019Q1,2019-01-17,17,8928,102961
datadog,2019Q1,2019-01-18,18,7520,110481
datadog,2019Q1,2019-01-19,19,1012,111493
datadog,2019Q1,2019-01-20,20,1015,112508
datadog,2019Q1,2019-01-21,21,6557,119065
datadog,2019Q1,2019-01-22,22,8950,128015
datadog,2019Q1,2019-01-23,23,9829,137844
datadog,2019Q1,2019-01-24,24,9466,147310
datadog,2019Q1,2019-01-25,25,8329,155639
datadog,2019Q1,2019-01-26,26,1346,156985
datadog,2019Q1,2019-01-27,27,1035,158020
datadog,2019Q1,2019-01-28,28,9566,167586
datadog,2019Q1,2019-01-29,29,10455,178041
datadog,2019Q1,2019-01-30,30,10216,188257
datadog,2019Q1,2019-01-31,31,10016,198273
datadog,2019Q1,2019-02-01,32,9223,207496
datadog,2019Q1,2019-02-02,33,1300,208796
datadog,2019Q1,2019-02-03,34,1527,210323
datadog,2019Q1,2019-02-04,35,9003,219326
datadog,2019Q1,2019-02-05,36,14030,233356
datadog,2019Q1,2019-02-06,37,11897,245253
datadog,2019Q1,2019-02-07,38,12165,257418
datadog,2019Q1,2019-02-08,39,9598,267016
datadog,2019Q1,2019-02-09,40,1448,268464
datadog,2019Q1,2019-02-10,41,1356,269820
datadog,2019Q1,2019-02-11,42,10381,280201
datadog,2019Q1,2019-02-12,43,11375,291576
datadog,2019Q1,2019-02-13,44,10892,302468
datadog,2019Q1,2019-02-14,45,11299,313767
datadog,2019Q1,2019-02-15,46,9743,323510
datadog,2019Q1,2019-02-16,47,1501,325011
datadog,2019Q1,2019-02-17,48,1007,326018
datadog,2019Q1,2019-02-18,49,8978,334996
datadog,2019Q1,2019-02-19,50,12561,347557
datadog,2019Q1,2019-02-20,51,13191,360748
datadog,2019Q1,2019-02-21,52,11923,372671
datadog,2019Q1,2019-02-22,53,12040,384711
datadog,2019Q1,2019-02-23,54,2085,386796
datadog,2019Q1,2019-02-24,55,1412,388208
datadog,2019Q1,2019-02-25,56,11558,399766
datadog,2019Q1,2019-02-26,57,15224,414990
datadog,2019Q1,2019-02-27,58,11340,426330
datadog,2019Q1,2019-02-28,59,11760,438090
datadog,2019Q1,2019-03-01,60,10114,448204
datadog,2019Q1,2019-03-02,61,1986,450190
datadog,2019Q1,2019-03-03,62,1270,451460
datadog,2019Q1,2019-03-04,63,10942,462402
datadog,2019Q1,2019-03-05,64,13222,475624
datadog,2019Q1,2019-03-06,65,11393,487017
datadog,2019Q1,2019-03-07,66,13273,500290
datadog,2019Q1,2019-03-08,67,10631,510921
datadog,2019Q1,2019-03-09,68,2000,512921
datadog,2019Q1,2019-03-10,69,1752,514673
datadog,2019Q1,2019-03-11,70,10922,525595
datadog,2019Q1,2019-03-12,71,12530,538125
datadog,2019Q1,2019-03-13,72,15183,553308
datadog,2019Q1,2019-03-14,73,14066,567374
datadog,2019Q1,2019-03-15,74,11162,578536
datadog,2019Q1,2019-03-16,75,2621,581157
datadog,2019Q1,2019-03-17,76,2277,583434
datadog,2019Q1,2019-03-18,77,7031,590465
datadog,2019Q1,2019-03-19,78,14405,604870
datadog,2019Q1,2019-03-20,79,13546,618416
datadog,2019Q1,2019-03-21,80,13871,632287
datadog,2019Q1,2019-03-22,81,11855,644142
datadog,2019Q1,2019-03-23,82,2353,646495
datadog,2019Q1,2019-03-24,83,2831,649326
datadog,2019Q1,2019-03-25,84,13560,662886
datadog,2019Q1,2019-03-26,85,13833,676719
datadog,2019Q1,2019-03-27,86,12914,689633
datadog,2019Q1,2019-03-28,87,14750,704383
datadog,2019Q1,2019-03-29,88,12465,716848
datadog,2019Q1,2019-03-30,89,3725,720573
datadog,2019Q1,2019-03-31,90,1975,722548
datadog,2019Q2,2019-04-01,1,12645,12645
datadog,2019Q2,2019-04-02,2,14036,26681
datadog,2019Q2,2019-04-03,3,14005,40686
datadog,2019Q2,2019-04-04,4,14307,54993
datadog,2019Q2,2019-04-05,5,13055,68048
datadog,2019Q2,2019-04-06,6,2154,70202
datadog,2019Q2,2019-04-07,7,2512,72714
datadog,2019Q2,2019-04-08,8,13921,86635
datadog,2019Q2,2019-04-09,9,14394,101029
datadog,2019Q2,2019-04-10,10,14038,115067
datadog,2019Q2,2019-04-11,11,12749,127816
datadog,2019Q2,2019-04-12,12,11953,139769
datadog,2019Q2,2019-04-13,13,2005,141774
datadog,2019Q2,2019-04-14,14,1957,143731
datadog,2019Q2,2019-04-15,15,11591,155322
datadog,2019Q2,2019-04-16,16,13393,168715
datadog,2019Q2,2019-04-17,17,13424,182139
datadog,2019Q2,2019-04-18,18,12312,194451
datadog,2019Q2,2019-04-19,19,8700,203151
datadog,2019Q2,2019-04-20,20,1888,205039
datadog,2019Q2,2019-04-21,21,2036,207075
datadog,2019Q2,2019-04-22,22,9510,216585
datadog,2019Q2,2019-04-23,23,15143,231728
datadog,2019Q2,2019-04-24,24,14621,246349
datadog,2019Q2,2019-04-25,25,13603,259952
datadog,2019Q2,2019-04-26,26,12761,272713
datadog,2019Q2,2019-04-27,27,2043,274756
datadog,2019Q2,2019-04-28,28,2243,276999
datadog,2019Q2,2019-04-29,29,12216,289215
datadog,2019Q2,2019-04-30,30,13492,302707
datadog,2019Q2,2019-05-01,31,11114,313821
datadog,2019Q2,2019-05-02,32,13798,327619
datadog,2019Q2,2019-05-03,33,12858,340477
datadog,2019Q2,2019-05-04,34,2556,343033
datadog,2019Q2,2019-05-05,35,2426,345459
datadog,2019Q2,2019-05-06,36,13025,358484
datadog,2019Q2,2019-05-07,37,16204,374688
datadog,2019Q2,2019-05-08,38,14958,389646
datadog,2019Q2,2019-05-09,39,15031,404677
datadog,2019Q2,2019-05-10,40,13865,418542
datadog,2019Q2,2019-05-11,41,2437,420979
datadog,2019Q2,2019-05-12,42,2090,423069
datadog,2019Q2,2019-05-13,43,13879,436948
datadog,2019Q2,2019-05-14,44,16378,453326
datadog,2019Q2,2019-05-15,45,16254,469580
datadog,2019Q2,2019-05-16,46,16115,485695
datadog,2019Q2,2019-05-17,47,13648,499343
datadog,2019Q2,2019-05-18,48,1905,501248
datadog,2019Q2,2019-05-19,49,2142,503390
datadog,2019Q2,2019-05-20,50,14224,517614
datadog,2019Q2,2019-05-21,51,16692,534306
datadog,2019Q2,2019-05-22,52,15757,550063
datadog,2019Q2,2019-05-23,53,16723,566786
datadog,2019Q2,2019-05-24,54,14165,580951
datadog,2019Q2,2019-05-25,55,2160,583111
datadog,2019Q2,2019-05-26,56,2395,585506
datadog,2019Q2,2019-05-27,57,8728,594234
datadog,2019Q2,2019-05-28,58,15655,609889
datadog,2019Q2,2019-05-29,59,16822,626711
datadog,2019Q2,2019-05-30,60,16013,642724
datadog,2019Q2,2019-05-31,61,14411,657135
datadog,2019Q2,2019-06-01,62,2632,659767
datadog,2019Q2,2019-06-02,63,2374,662141
datadog,2019Q2,2019-06-03,64,17602,679743
datadog,2019Q2,2019-06-04,65,20667,700410
datadog,2019Q2,2019-06-05,66,19794,720204
datadog,2019Q2,2019-06-06,67,19096,739300
datadog,2019Q2,2019-06-07,68,15153,754453
datadog,2019Q2,2019-06-08,69,3027,757480
datadog,2019Q2,2019-06-09,70,2394,759874
datadog,2019Q2,2019-06-10,71,15948,775822
datadog,2019Q2,2019-06-11,72,19874,795696
datadog,2019Q2,2019-06-12,73,17920,813616
datadog,2019Q2,2019-06-13,74,19733,833349
datadog,2019Q2,2019-06-14,75,18501,851850
datadog,2019Q2,2019-06-15,76,2368,854218
datadog,2019Q2,2019-06-16,77,3027,857245
datadog,2019Q2,2019-06-17,78,17913,875158
datadog,2019Q2,2019-06-18,79,20486,895644
datadog,2019Q2,2019-06-19,80,19124,914768
datadog,2019Q2,2019-06-20,81,20252,935020
datadog,2019Q2,2019-06-21,82,17302,952322
datadog,2019Q2,2019-06-22,83,3015,955337
datadog,2019Q2,2019-06-23,84,3242,958579
datadog,2019Q2,2019-06-24,85,18319,976898
datadog,2019Q2,2019-06-25,86,19203,996101
datadog,2019Q2,2019-06-26,87,20214,1016315
datadog,2019Q2,2019-06-27,88,20703,1037018
datadog,2019Q2,2019-06-28,89,17778,1054796
datadog,2019Q2,2019-06-29,90,3271,1058067
datadog,2019Q2,2019-06-30,91,3812,1061879
datadog,2019Q3,2019-07-01,1,19604,19604
datadog,2019Q3,2019-07-02,2,21974,41578
datadog,2019Q3,2019-07-03,3,21805,63383
datadog,2019Q3,2019-07-04,4,15074,78457
datadog,2019Q3,2019-07-05,5,13569,92026
datadog,2019Q3,2019-07-06,6,3088,95114
datadog,2019Q3,2019-07-07,7,4638,99752
datadog,2019Q3,2019-07-08,8,22444,122196
datadog,2019Q3,2019-07-09,9,25022,147218
datadog,2019Q3,2019-07-10,10,23100,170318
datadog,2019Q3,2019-07-11,11,25916,196234
datadog,2019Q3,2019-07-12,12,20726,216960
datadog,2019Q3,2019-07-13,13,4286,221246
datadog,2019Q3,2019-07-14,14,4587,225833
datadog,2019Q3,2019-07-15,15,20374,246207
datadog,2019Q3,2019-07-16,16,26716,272923
datadog,2019Q3,2019-07-17,17,26860,299783
datadog,2019Q3,2019-07-18,18,23840,323623
datadog,2019Q3,2019-07-19,19,20578,344201
datadog,2019Q3,2019-07-20,20,5600,349801
datadog,2019Q3,2019-07-21,21,4330,354131
datadog,2019Q3,2019-07-22,22,23917,378048
datadog,2019Q3,2019-07-23,23,26272,404320
datadog,2019Q3,2019-07-24,24,22856,427176
datadog,2019Q3,2019-07-25,25,22483,449659
datadog,2019Q3,2019-07-26,26,18372,468031
datadog,2019Q3,2019-07-27,27,4103,472134
datadog,2019Q3,2019-07-28,28,3790,475924
datadog,2019Q3,2019-07-29,29,21515,497439
datadog,2019Q3,2019-07-30,30,20414,517853
datadog,2019Q3,2019-07-31,31,27108,544961
datadog,2019Q3,2019-08-01,32,25431,570392
datadog,2019Q3,2019-08-02,33,21598,591990
datadog,2019Q3,2019-08-03,34,3167,595157
datadog,2019Q3,2019-08-04,35,2951,598108
datadog,2019Q3,2019-08-05,36,21789,619897
datadog,2019Q3,2019-08-06,37,25906,645803
datadog,2019Q3,2019-08-07,38,25611,671414
datadog,2019Q3,2019-08-08,39,24923,696337
datadog,2019Q3,2019-08-09,40,22471,718808
datadog,2019Q3,2019-08-10,41,3830,722638
datadog,2019Q3,2019-08-11,42,3172,725810
datadog,2019Q3,2019-08-12,43,21331,747141
datadog,2019Q3,2019-08-13,44,27357,774498
datadog,2019Q3,2019-08-14,45,26329,800827
datadog,2019Q3,2019-08-15,46,25626,826453
datadog,2019Q3,2019-08-16,47,22575,849028
datadog,2019Q3,2019-08-17,48,3912,852940
datadog,2019Q3,2019-08-18,49,3382,856322
datadog,2019Q3,2019-08-19,50,24953,881275
datadog,2019Q3,2019-08-20,51,26681,907956
datadog,2019Q3,2019-08-21,52,28139,936095
datadog,2019Q3,2019-08-22,53,27914,964009
datadog,2019Q3,2019-08-23,54,24873,988882
datadog,2019Q3,2019-08-24,55,4660,993542
datadog,2019Q3,2019-08-25,56,4513,998055
datadog,2019Q3,2019-08-26,57,28004,1026059
datadog,2019Q3,2019-08-27,58,29945,1056004
datadog,2019Q3,2019-08-28,59,28816,1084820
datadog,2019Q3,2019-08-29,60,27952,1112772
datadog,2019Q3,2019-08-30,61,24333,1137105
datadog,2019Q3,2019-08-31,62,3207,1140312
datadog,2019Q3,2019-09-01,63,4265,1144577
datadog,2019Q3,2019-09-02,64,14806,1159383
datadog,2019Q3,2019-09-03,65,26336,1185719
datadog,2019Q3,2019-09-04,66,28666,1214385
datadog,2019Q3,2019-09-05,67,28226,1242611
datadog,2019Q3,2019-09-06,68,26672,1269283
datadog,2019Q3,2019-09-07,69,7092,1276375
datadog,2019Q3,2019-09-08,70,6568,1282943
datadog,2019Q3,2019-09-09,71,27860,1310803
datadog,2019Q3,2019-09-10,72,32224,1343027
datadog,2019Q3,2019-09-11,73,29032,1372059
datadog,2019Q3,2019-09-12,74,29818,1401877
datadog,2019Q3,2019-09-13,75,27067,1428944
datadog,2019Q3,2019-09-14,76,6109,1435053
datadog,2019Q3,2019-09-15,77,6658,1441711
datadog,2019Q3,2019-09-16,78,29351,1471062
datadog,2019Q3,2019-09-17,79,34283,1505345
datadog,2019Q3,2019-09-18,80,32601,1537946
datadog,2019Q3,2019-09-19,81,31993,1569939
datadog,2019Q3,2019-09-20,82,27835,1597774
datadog,2019Q3,2019-09-21,83,4908,1602682
datadog,2019Q3,2019-09-22,84,5159,1607841
datadog,2019Q3,2019-09-23,85,27931,1635772
datadog,2019Q3,2019-09-24,86,30447,1666219
datadog,2019Q3,2019-09-25,87,32445,1698664
datadog,2019Q3,2019-09-26,88,35407,1734071
datadog,2019Q3,2019-09-27,89,33033,1767104
datadog,2019Q3,2019-09-28,90,6321,1773425
datadog,2019Q3,2019-09-29,91,5754,1779179
datadog,2019Q3,2019-09-30,92,31722,1810901
datadog,2019Q4,2019-10-01,1,34972,34972
datadog,2019Q4,2019-10-02,2,32837,67809
datadog,2019Q4,2019-10-03,3,28721,96530
datadog,2019Q4,2019-10-04,4,27638,124168
datadog,2019Q4,2019-10-05,5,3369,127537
datadog,2019Q4,2019-10-06,6,3272,130809
datadog,2019Q4,2019-10-07,7,28909,159718
datadog,2019Q4,2019-10-08,8,35856,195574
datadog,2019Q4,2019-10-09,9,34712,230286
datadog,2019Q4,2019-10-10,10,34137,264423
datadog,2019Q4,2019-10-11,11,31081,295504
datadog,2019Q4,2019-10-12,12,4972,300476
datadog,2019Q4,2019-10-13,13,4175,304651
datadog,2019Q4,2019-10-14,14,27847,332498
datadog,2019Q4,2019-10-15,15,33967,366465
datadog,2019Q4,2019-10-16,16,37288,403753
datadog,2019Q4,2019-10-17,17,33959,437712
datadog,2019Q4,2019-10-18,18,31090,468802
datadog,2019Q4,2019-10-19,19,4577,473379
datadog,2019Q4,2019-10-20,20,4065,477444
datadog,2019Q4,2019-10-21,21,35155,512599
datadog,2019Q4,2019-10-22,22,35653,548252
datadog,2019Q4,2019-10-23,23,40860,589112
datadog,2019Q4,2019-10-24,24,35724,624836
datadog,2019Q4,2019-10-25,25,31490,656326
datadog,2019Q4,2019-10-26,26,4321,660647
datadog,2019Q4,2019-10-27,27,4649,665296
datadog,2019Q4,2019-10-28,28,31520,696816
datadog,2019Q4,2019-10-29,29,38516,735332
datadog,2019Q4,2019-10-30,30,35958,771290
datadog,2019Q4,2019-10-31,31,35383,806673
datadog,2019Q4,2019-11-01,32,26573,833246
datadog,2019Q4,2019-11-02,33,4163,837409
datadog,2019Q4,2019-11-03,34,4305,841714
datadog,2019Q4,2019-11-04,35,30214,871928
datadog,2019Q4,2019-11-05,36,38092,910020
datadog,2019Q4,2019-11-06,37,37161,947181
datadog,2019Q4,2019-11-07,38,38019,985200
datadog,2019Q4,2019-11-08,39,35314,1020514
datadog,2019Q4,2019-11-09,40,5477,1025991
datadog,2019Q4,2019-11-10,41,4271,1030262
datadog,2019Q4,2019-11-11,42,33015,1063277
datadog,2019Q4,2019-11-12,43,37752,1101029
datadog,2019Q4,2019-11-13,44,39645,1140674
datadog,2019Q4,2019-11-14,45,38588,1179262
datadog,2019Q4,2019-11-15,46,34794,1214056
datadog,2019Q4,2019-11-16,47,5114,1219170
datadog,2019Q4,2019-11-17,48,4333,1223503
datadog,2019Q4,2019-11-18,49,33235,1256738
datadog,2019Q4,2019-11-19,50,37562,1294300
datadog,2019Q4,2019-11-20,51,39742,1334042
datadog,2019Q4,2019-11-21,52,39730,1373772
datadog,2019Q4,2019-11-22,53,34550,1408322
datadog,2019Q4,2019-11-23,54,5597,1413919
datadog,2019Q4,2019-11-24,55,5439,1419358
datadog,2019Q4,2019-11-25,56,38060,1457418
datadog,2019Q4,2019-11-26,57,43687,1501105
datadog,2019Q4,2019-11-27,58,39148,1540253
datadog,2019Q4,2019-11-28,59,25834,1566087
datadog,2019Q4,2019-11-29,60,21744,1587831
datadog,2019Q4,2019-11-30,61,3533,1591364
datadog,2019Q4,2019-12-01,62,4826,1596190
datadog,2019Q4,2019-12-02,63,35084,1631274
datadog,2019Q4,2019-12-03,64,40915,1672189
datadog,2019Q4,2019-12-04,65,41281,1713470
datadog,2019Q4,2019-12-05,66,39953,1753423
datadog,2019Q4,2019-12-06,67,34930,1788353
datadog,2019Q4,2019-12-07,68,5700,1794053
datadog,2019Q4,2019-12-08,69,5585,1799638
datadog,2019Q4,2019-12-09,70,38737,1838375
datadog,2019Q4,2019-12-10,71,44373,1882748
datadog,2019Q4,2019-12-11,72,41070,1923818
datadog,2019Q4,2019-12-12,73,40135,1963953
datadog,2019Q4,2019-12-13,74,31112,1995065
datadog,2019Q4,2019-12-14,75,5191,2000256
datadog,2019Q4,2019-12-15,76,4587,2004843
datadog,2019Q4,2019-12-16,77,39173,2044016
datadog,2019Q4,2019-12-17,78,41724,2085740
datadog,2019Q4,2019-12-18,79,38864,2124604
datadog,2019Q4,2019-12-19,80,38610,2163214
datadog,2019Q4,2019-12-20,81,30786,2194000
datadog,2019Q4,2019-12-21,82,4210,2198210
datadog,2019Q4,2019-12-22,83,3171,2201381
datadog,2019Q4,2019-12-23,84,18337,2219718
datadog,2019Q4,2019-12-24,85,10581,2230299
datadog,2019Q4,2019-12-25,86,4541,2234840
datadog,2019Q4,2019-12-26,87,11006,2245846
datadog,2019Q4,2019-12-27,88,13703,2259549
datadog,2019Q4,2019-12-28,89,3270,2262819
datadog,2019Q4,2019-12-29,90,3741,2266560
datadog,2019Q4,2019-12-30,91,16166,2282726
datadog,2019Q4,2019-12-31,92,10747,2293473
datadog,2020Q1,2020-01-01,1,4047,4047
datadog,2020Q1,2020-01-02,2,23504,27551
datadog,2020Q1,2020-01-03,3,21953,49504
datadog,2020Q1,2020-01-04,4,3583,53087
datadog,2020Q1,2020-01-05,5,4751,57838
datadog,2020Q1,2020-01-06,6,29350,87188
datadog,2020Q1,2020-01-07,7,38369,125557
datadog,2020Q1,2020-01-08,8,36748,162305
datadog,2020Q1,2020-01-09,9,39381,201686
datadog,2020Q1,2020-01-10,10,33012,234698
datadog,2020Q1,2020-01-11,11,5323,240021
datadog,2020Q1,2020-01-12,12,4885,244906
datadog,2020Q1,2020-01-13,13,35803,280709
datadog,2020Q1,2020-01-14,14,43621,324330
datadog,2020Q1,2020-01-15,15,40308,364638
datadog,2020Q1,2020-01-16,16,40337,404975
datadog,2020Q1,2020-01-17,17,37117,442092
datadog,2020Q1,2020-01-18,18,4960,447052
datadog,2020Q1,2020-01-19,19,4760,451812
datadog,2020Q1,2020-01-20,20,28476,480288
datadog,2020Q1,2020-01-21,21,40413,520701
datadog,2020Q1,2020-01-22,22,41017,561718
datadog,2020Q1,2020-01-23,23,43348,605066
datadog,2020Q1,2020-01-24,24,41853,646919
datadog,2020Q1,2020-01-25,25,5371,652290
datadog,2020Q1,2020-01-26,26,4378,656668
datadog,2020Q1,2020-01-27,27,43233,699901
datadog,2020Q1,2020-01-28,28,51213,751114
datadog,2020Q1,2020-01-29,29,46710,797824
datadog,2020Q1,2020-01-30,30,49821,847645
datadog,2020Q1,2020-01-31,31,39075,886720
datadog,2020Q1,2020-02-01,32,6322,893042
datadog,2020Q1,2020-02-02,33,4896,897938
datadog,2020Q1,2020-02-03,34,41330,939268
datadog,2020Q1,2020-02-04,35,48383,987651
datadog,2020Q1,2020-02-05,36,52114,1039765
datadog,2020Q1,2020-02-06,37,51845,1091610
datadog,2020Q1,2020-02-07,38,45816,1137426
datadog,2020Q1,2020-02-08,39,8245,1145671
datadog,2020Q1,2020-02-09,40,6182,1151853
datadog,2020Q1,2020-02-10,41,44857,1196710
datadog,2020Q1,2020-02-11,42,51880,1248590
datadog,2020Q1,2020-02-12,43,54936,1303526
datadog,2020Q1,2020-02-13,44,56258,1359784
datadog,2020Q1,2020-02-14,45,41538,1401322
datadog,2020Q1,2020-02-15,46,7193,1408515
datadog,2020Q1,2020-02-16,47,6175,1414690
datadog,2020Q1,2020-02-17,48,35962,1450652
datadog,2020Q1,2020-02-18,49,50657,1501309
datadog,2020Q1,2020-02-19,50,52035,1553344
datadog,2020Q1,2020-02-20,51,51648,1604992
datadog,2020Q1,2020-02-21,52,46207,1651199
datadog,2020Q1,2020-02-22,53,8671,1659870
datadog,2020Q1,2020-02-23,54,5460,1665330
datadog,2020Q1,2020-02-24,55,46087,1711417
datadog,2020Q1,2020-02-25,56,53398,1764815
datadog,2020Q1,2020-02-26,57,51604,1816419
datadog,2020Q1,2020-02-27,58,49337,1865756
datadog,2020Q1,2020-02-28,59,44448,1910204
datadog,2020Q1,2020-02-29,60,8575,1918779
datadog,2020Q1,2020-03-01,61,7416,1926195
datadog,2020Q1,2020-03-02,62,46124,1972319
datadog,2020Q1,2020-03-03,63,49267,2021586
datadog,2020Q1,2020-03-04,64,48144,2069730
datadog,2020Q1,2020-03-05,65,49818,2119548
datadog,2020Q1,2020-03-06,66,44871,2164419
datadog,2020Q1,2020-03-07,67,7176,2171595
datadog,2020Q1,2020-03-08,68,5934,2177529
datadog,2020Q1,2020-03-09,69,48262,2225791
datadog,2020Q1,2020-03-10,70,52404,2278195
datadog,2020Q1,2020-03-11,71,51715,2329910
datadog,2020Q1,2020-03-12,72,49635,2379545
datadog,2020Q1,2020-03-13,73,43891,2423436
datadog,2020Q1,2020-03-14,74,8814,2432250
datadog,2020Q1,2020-03-15,75,7146,2439396
datadog,2020Q1,2020-03-16,76,47416,2486812
datadog,2020Q1,2020-03-17,77,51831,2538643
datadog,2020Q1,2020-03-18,78,53372,2592015
datadog,2020Q1,2020-03-19,79,53189,2645204
datadog,2020Q1,2020-03-20,80,46021,2691225
datadog,2020Q1,2020-03-21,81,10122,2701347
datadog,2020Q1,2020-03-22,82,10850,2712197
datadog,2020Q1,2020-03-23,83,54247,2766444
datadog,2020Q1,2020-03-24,84,56837,2823281
datadog,2020Q1,2020-03-25,85,56257,2879538
datadog,2020Q1,2020-03-26,86,57963,2937501
datadog,2020Q1,2020-03-27,87,52630,2990131
datadog,2020Q1,2020-03-28,88,9298,2999429
datadog,2020Q1,2020-03-29,89,9462,3008891
datadog,2020Q1,2020-03-30,90,57428,3066319
datadog,2020Q1,2020-03-31,91,62438,3128757
datadog,2020Q2,2020-04-01,1,63311,63311
datadog,2020Q2,2020-04-02,2,60607,123918
datadog,2020Q2,2020-04-03,3,55166,179084
datadog,2020Q2,2020-04-04,4,9183,188267
datadog,2020Q2,2020-04-05,5,9424,197691
datadog,2020Q2,2020-04-06,6,56214,253905
datadog,2020Q2,2020-04-07,7,65517,319422
datadog,2020Q2,2020-04-08,8,63639,383061
datadog,2020Q2,2020-04-09,9,63155,446216
datadog,2020Q2,2020-04-10,10,42213,488429
datadog,2020Q2,2020-04-11,11,9631,498060
datadog,2020Q2,2020-04-12,12,7803,505863
datadog,2020Q2,2020-04-13,13,47613,553476
datadog,2020Q2,2020-04-14,14,65621,619097
datadog,2020Q2,2020-04-15,15,47553,666650
datadog,2020Q2,2020-04-16,16,62774,729424
datadog,2020Q2,2020-04-17,17,58022,787446
datadog,2020Q2,2020-04-18,18,9700,797146
datadog,2020Q2,2020-04-19,19,9757,806903
datadog,2020Q2,2020-04-20,20,66086,872989
datadog,2020Q2,2020-04-21,21,66013,939002
datadog,2020Q2,2020-04-22,22,66297,1005299
datadog,2020Q2,2020-04-23,23,62718,1068017
datadog,2020Q2,2020-04-24,24,56740,1124757
datadog,2020Q2,2020-04-25,25,10086,1134843
datadog,2020Q2,2020-04-26,26,10673,1145516
datadog,2020Q2,2020-04-27,27,60447,1205963
datadog,2020Q2,2020-04-28,28,64940,1270903
datadog,2020Q2,2020-04-29,29,62810,1333713
datadog,2020Q2,2020-04-30,30,66261,1399974
datadog,2020Q2,2020-05-01,31,44618,1444592
datadog,2020Q2,2020-05-02,32,8736,1453328
datadog,2020Q2,2020-05-03,33,8279,1461607
datadog,2020Q2,2020-05-04,34,58376,1519983
datadog,2020Q2,2020-05-05,35,62734,1582717
datadog,2020Q2,2020-05-06,36,64294,1647011
datadog,2020Q2,2020-05-07,37,65369,1712380
datadog,2020Q2,2020-05-08,38,50811,1763191
datadog,2020Q2,2020-05-09,39,11540,1774731
datadog,2020Q2,2020-05-10,40,9833,1784564
datadog,2020Q2,2020-05-11,41,63860,1848424
datadog,2020Q2,2020-05-12,42,66794,1915218
datadog,2020Q2,2020-05-13,43,67298,1982516
datadog,2020Q2,2020-05-14,44,65939,2048455
datadog,2020Q2,2020-05-15,45,56204,2104659
datadog,2020Q2,2020-05-16,46,10825,2115484
datadog,2020Q2,2020-05-17,47,9959,2125443
datadog,2020Q2,2020-05-18,48,55963,2181406
datadog,2020Q2,2020-05-19,49,65593,2246999
datadog,2020Q2,2020-05-20,50,65974,2312973
datadog,2020Q2,2020-05-21,51,60195,2373168
datadog,2020Q2,2020-05-22,52,50155,2423323
datadog,2020Q2,2020-05-23,53,9750,2433073
datadog,2020Q2,2020-05-24,54,9173,2442246
datadog,2020Q2,2020-05-25,55,42833,2485079
datadog,2020Q2,2020-05-26,56,63131,2548210
datadog,2020Q2,2020-05-27,57,67846,2616056
datadog,2020Q2,2020-05-28,58,70372,2686428
datadog,2020Q2,2020-05-29,59,60304,2746732
datadog,2020Q2,2020-05-30,60,11363,2758095
datadog,2020Q2,2020-05-31,61,9128,2767223
datadog,2020Q2,2020-06-01,62,55719,2822942
datadog,2020Q2,2020-06-02,63,66350,2889292
datadog,2020Q2,2020-06-03,64,67840,2957132
datadog,2020Q2,2020-06-04,65,68554,3025686
datadog,2020Q2,2020-06-05,66,60634,3086320
datadog,2020Q2,2020-06-06,67,9462,3095782
datadog,2020Q2,2020-06-07,68,9436,3105218
datadog,2020Q2,2020-06-08,69,60839,3166057
datadog,2020Q2,2020-06-09,70,74081,3240138
datadog,2020Q2,2020-06-10,71,74001,3314139
datadog,2020Q2,2020-06-11,72,73165,3387304
datadog,2020Q2,2020-06-12,73,63506,3450810
datadog,2020Q2,2020-06-13,74,11235,3462045
datadog,2020Q2,2020-06-14,75,11292,3473337
datadog,2020Q2,2020-06-15,76,71838,3545175
datadog,2020Q2,2020-06-16,77,81249,3626424
datadog,2020Q2,2020-06-17,78,79428,3705852
datadog,2020Q2,2020-06-18,79,79272,3785124
datadog,2020Q2,2020-06-19,80,60187,3845311
datadog,2020Q2,2020-06-20,81,10528,3855839
datadog,2020Q2,2020-06-21,82,10215,3866054
datadog,2020Q2,2020-06-22,83,0,3866054
datadog,2020Q2,2020-06-23,84,83223,3949277
datadog,2020Q2,2020-06-24,85,85235,4034512
datadog,2020Q2,2020-06-25,86,84254,4118766
datadog,2020Q2,2020-06-26,87,66203,4184969
datadog,2020Q2,2020-06-27,88,11315,4196284
datadog,2020Q2,2020-06-28,89,10137,4206421
datadog,2020Q2,2020-06-29,90,69426,4275847
datadog,2020Q2,2020-06-30,91,79224,4355071
datadog,2020Q3,2020-07-01,1,73483,73483
datadog,2020Q3,2020-07-02,2,75693,149176
datadog,2020Q3,2020-07-03,3,45161,194337
datadog,2020Q3,2020-07-04,4,9169,203506
datadog,2020Q3,2020-07-05,5,9592,213098
datadog,2020Q3,2020-07-06,6,73830,286928
datadog,2020Q3,2020-07-07,7,125221,412149
datadog,2020Q3,2020-07-08,8,111331,523480
datadog,2020Q3,2020-07-09,9,81991,605471
datadog,2020Q3,2020-07-10,10,68771,674242
datadog,2020Q3,2020-07-11,11,13594,687836
datadog,2020Q3,2020-07-12,12,11276,699112
datadog,2020Q3,2020-07-13,13,72848,771960
datadog,2020Q3,2020-07-14,14,83011,854971
datadog,2020Q3,2020-07-15,15,82566,937537
datadog,2020Q3,2020-07-16,16,86439,1023976
datadog,2020Q3,2020-07-17,17,79323,1103299
datadog,2020Q3,2020-07-18,18,34213,1137512
datadog,2020Q3,2020-07-19,19,32772,1170284
datadog,2020Q3,2020-07-20,20,96016,1266300
datadog,2020Q3,2020-07-21,21,104355,1370655
datadog,2020Q3,2020-07-22,22,99930,1470585
datadog,2020Q3,2020-07-23,23,104249,1574834
datadog,2020Q3,2020-07-24,24,95211,1670045
datadog,2020Q3,2020-07-25,25,31155,1701200
datadog,2020Q3,2020-07-26,26,31164,1732364
datadog,2020Q3,2020-07-27,27,98164,1830528
datadog,2020Q3,2020-07-28,28,110393,1940921
datadog,2020Q3,2020-07-29,29,121092,2062013
datadog,2020Q3,2020-07-30,30,102760,2164773
datadog,2020Q3,2020-07-31,31,94386,2259159
datadog,2020Q3,2020-08-01,32,32330,2291489
datadog,2020Q3,2020-08-02,33,30733,2322222
datadog,2020Q3,2020-08-03,34,99409,2421631
datadog,2020Q3,2020-08-04,35,108057,2529688
datadog,2020Q3,2020-08-05,36,110644,2640332
datadog,2020Q3,2020-08-06,37,139560,2779892
datadog,2020Q3,2020-08-07,38,119694,2899586
datadog,2020Q3,2020-08-08,39,38729,2938315
datadog,2020Q3,2020-08-09,40,36737,2975052
datadog,2020Q3,2020-08-10,41,123428,3098480
datadog,2020Q3,2020-08-11,42,134018,3232498
datadog,2020Q3,2020-08-12,43,139566,3372064
datadog,2020Q3,2020-08-13,44,135407,3507471
datadog,2020Q3,2020-08-14,45,119129,3626600
datadog,2020Q3,2020-08-15,46,41080,3667680
datadog,2020Q3,2020-08-16,47,37969,3705649
datadog,2020Q3,2020-08-17,48,123322,3828971
datadog,2020Q3,2020-08-18,49,136222,3965193
datadog,2020Q3,2020-08-19,50,144480,4109673
datadog,2020Q3,2020-08-20,51,137673,4247346
datadog,2020Q3,2020-08-21,52,127619,4374965
datadog,2020Q3,2020-08-22,53,43592,4418557
datadog,2020Q3,2020-08-23,54,42758,4461315
datadog,2020Q3,2020-08-24,55,134236,4595551
datadog,2020Q3,2020-08-25,56,143453,4739004
datadog,2020Q3,2020-08-26,57,150024,4889028
datadog,2020Q3,2020-08-27,58,140387,5029415
datadog,2020Q3,2020-08-28,59,136027,5165442
datadog,2020Q3,2020-08-29,60,41057,5206499
datadog,2020Q3,2020-08-30,61,33379,5239878
datadog,2020Q3,2020-08-31,62,133311,5373189
datadog,2020Q3,2020-09-01,63,149817,5523006
datadog,2020Q3,2020-09-02,64,132400,5655406
datadog,2020Q3,2020-09-03,65,132236,5787642
datadog,2020Q3,2020-09-04,66,114954,5902596
datadog,2020Q3,2020-09-05,67,27582,5930178
datadog,2020Q3,2020-09-06,68,23606,5953784
datadog,2020Q3,2020-09-07,69,68665,6022449
datadog,2020Q3,2020-09-08,70,82040,6104489
datadog,2020Q3,2020-09-09,71,138878,6243367
datadog,2020Q3,2020-09-10,72,147490,6390857
datadog,2020Q3,2020-09-11,73,129328,6520185
datadog,2020Q3,2020-09-12,74,42221,6562406
datadog,2020Q3,2020-09-13,75,39578,6601984
datadog,2020Q3,2020-09-14,76,133533,6735517
datadog,2020Q3,2020-09-15,77,156427,6891944
datadog,2020Q3,2020-09-16,78,157089,7049033
datadog,2020Q3,2020-09-17,79,153640,7202673
datadog,2020Q3,2020-09-18,80,139709,7342382
datadog,2020Q3,2020-09-19,81,41821,7384203
datadog,2020Q3,2020-09-20,82,38614,7422817
datadog,2020Q3,2020-09-21,83,148579,7571396
datadog,2020Q3,2020-09-22,84,153158,7724554
datadog,2020Q3,2020-09-23,85,156212,7880766
datadog,2020Q3,2020-09-24,86,140232,8020998
datadog,2020Q3,2020-09-25,87,121627,8142625
datadog,2020Q3,2020-09-26,88,22713,8165338
datadog,2020Q3,2020-09-27,89,19901,8185239
datadog,2020Q3,2020-09-28,90,132838,8318077
datadog,2020Q3,2020-09-29,91,147965,8466042
datadog,2020Q3,2020-09-30,92,142453,8608495
datadog,2020Q4,2020-10-01,1,127474,127474
datadog,2020Q4,2020-10-02,2,112258,239732
datadog,2020Q4,2020-10-03,3,21082,260814
datadog,2020Q4,2020-10-04,4,17323,278137
datadog,2020Q4,2020-10-05,5,121562,399699
datadog,2020Q4,2020-10-06,6,145038,544737
datadog,2020Q4,2020-10-07,7,149094,693831
datadog,2020Q4,2020-10-08,8,149814,843645
datadog,2020Q4,2020-10-09,9,125151,968796
datadog,2020Q4,2020-10-10,10,26465,995261
datadog,2020Q4,2020-10-11,11,20911,1016172
datadog,2020Q4,2020-10-12,12,122455,1138627
datadog,2020Q4,2020-10-13,13,141153,1279780
datadog,2020Q4,2020-10-14,14,148165,1427945
datadog,2020Q4,2020-10-15,15,150724,1578669
datadog,2020Q4,2020-10-16,16,132886,1711555
datadog,2020Q4,2020-10-17,17,24868,1736423
datadog,2020Q4,2020-10-18,18,23015,1759438
datadog,2020Q4,2020-10-19,19,143540,1902978
datadog,2020Q4,2020-10-20,20,152906,2055884
datadog,2020Q4,2020-10-21,21,147985,2203869
datadog,2020Q4,2020-10-22,22,153902,2357771
datadog,2020Q4,2020-10-23,23,152203,2509974
datadog,2020Q4,2020-10-24,24,43172,2553146
datadog,2020Q4,2020-10-25,25,39642,2592788
datadog,2020Q4,2020-10-26,26,160965,2753753
datadog,2020Q4,2020-10-27,27,166730,2920483
datadog,2020Q4,2020-10-28,28,168624,3089107
datadog,2020Q4,2020-10-29,29,168664,3257771
datadog,2020Q4,2020-10-30,30,135099,3392870
datadog,2020Q4,2020-10-31,31,18322,3411192
datadog,2020Q4,2020-11-01,32,15794,3426986
datadog,2020Q4,2020-11-02,33,123555,3550541
datadog,2020Q4,2020-11-03,34,135435,3685976
datadog,2020Q4,2020-11-04,35,133033,3819009
datadog,2020Q4,2020-11-05,36,135588,3954597
datadog,2020Q4,2020-11-06,37,122043,4076640
datadog,2020Q4,2020-11-07,38,20173,4096813
datadog,2020Q4,2020-11-08,39,15502,4112315
datadog,2020Q4,2020-11-09,40,131414,4243729
datadog,2020Q4,2020-11-10,41,148446,4392175
datadog,2020Q4,2020-11-11,42,119324,4511499
datadog,2020Q4,2020-11-12,43,135670,4647169
datadog,2020Q4,2020-11-13,44,129764,4776933
datadog,2020Q4,2020-11-14,45,22268,4799201
datadog,2020Q4,2020-11-15,46,15105,4814306
datadog,2020Q4,2020-11-16,47,134416,4948722
datadog,2020Q4,2020-11-17,48,153337,5102059
datadog,2020Q4,2020-11-18,49,150351,5252410
datadog,2020Q4,2020-11-19,50,152386,5404796
datadog,2020Q4,2020-11-20,51,138038,5542834
datadog,2020Q4,2020-11-21,52,23184,5566018
datadog,2020Q4,2020-11-22,53,18746,5584764
datadog,2020Q4,2020-11-23,54,126854,5711618
datadog,2020Q4,2020-11-24,55,151374,5862992
datadog,2020Q4,2020-11-25,56,127531,5990523
datadog,2020Q4,2020-11-26,57,83121,6073644
datadog,2020Q4,2020-11-27,58,65821,6139465
datadog,2020Q4,2020-11-28,59,10639,6150104
datadog,2020Q4,2020-11-29,60,13772,6163876
datadog,2020Q4,2020-11-30,61,138480,6302356
datadog,2020Q4,2020-12-01,62,148960,6451316
datadog,2020Q4,2020-12-02,63,155628,6606944
datadog,2020Q4,2020-12-03,64,152564,6759508
datadog,2020Q4,2020-12-04,65,135030,6894538
datadog,2020Q4,2020-12-05,66,25950,6920488
datadog,2020Q4,2020-12-06,67,18354,6938842
datadog,2020Q4,2020-12-07,68,144626,7083468
datadog,2020Q4,2020-12-08,69,159787,7243255
datadog,2020Q4,2020-12-09,70,164097,7407352
datadog,2020Q4,2020-12-10,71,166118,7573470
datadog,2020Q4,2020-12-11,72,141077,7714547
datadog,2020Q4,2020-12-12,73,23660,7738207
datadog,2020Q4,2020-12-13,74,21999,7760206
datadog,2020Q4,2020-12-14,75,139012,7899218
datadog,2020Q4,2020-12-15,76,153523,8052741
datadog,2020Q4,2020-12-16,77,164927,8217668
datadog,2020Q4,2020-12-17,78,157344,8375012
datadog,2020Q4,2020-12-18,79,130415,8505427
datadog,2020Q4,2020-12-19,80,22358,8527785
datadog,2020Q4,2020-12-20,81,16996,8544781
datadog,2020Q4,2020-12-21,82,115513,8660294
datadog,2020Q4,2020-12-22,83,126114,8786408
datadog,2020Q4,2020-12-23,84,101993,8888401
datadog,2020Q4,2020-12-24,85,57047,8945448
datadog,2020Q4,2020-12-25,86,24560,8970008
datadog,2020Q4,2020-12-26,87,8114,8978122
datadog,2020Q4,2020-12-27,88,12901,8991023
datadog,2020Q4,2020-12-28,89,58479,9049502
datadog,2020Q4,2020-12-29,90,67559,9117061
datadog,2020Q4,2020-12-30,91,61216,9178277
datadog,2020Q4,2020-12-31,92,37735,9216012
datadog,2021Q1,2021-01-01,1,11260,11260
datadog,2021Q1,2021-01-02,2,9522,20782
datadog,2021Q1,2021-01-03,3,15529,36311
datadog,2021Q1,2021-01-04,4,107651,143962
datadog,2021Q1,2021-01-05,5,149170,293132
datadog,2021Q1,2021-01-06,6,138051,431183
datadog,2021Q1,2021-01-07,7,145500,576683
datadog,2021Q1,2021-01-08,8,136718,713401
datadog,2021Q1,2021-01-09,9,21489,734890
datadog,2021Q1,2021-01-10,10,18070,752960
datadog,2021Q1,2021-01-11,11,132612,885572
datadog,2021Q1,2021-01-12,12,178059,1063631
datadog,2021Q1,2021-01-13,13,166458,1230089
datadog,2021Q1,2021-01-14,14,171108,1401197
datadog,2021Q1,2021-01-15,15,142905,1544102
datadog,2021Q1,2021-01-16,16,21795,1565897
datadog,2021Q1,2021-01-17,17,21200,1587097
datadog,2021Q1,2021-01-18,18,108495,1695592
datadog,2021Q1,2021-01-19,19,160058,1855650
datadog,2021Q1,2021-01-20,20,179287,2034937
datadog,2021Q1,2021-01-21,21,174790,2209727
datadog,2021Q1,2021-01-22,22,100218,2309945
datadog,2021Q1,2021-01-23,23,26305,2336250
datadog,2021Q1,2021-01-24,24,22855,2359105
datadog,2021Q1,2021-01-25,25,159414,2518519
datadog,2021Q1,2021-01-26,26,175678,2694197
datadog,2021Q1,2021-01-27,27,191446,2885643
datadog,2021Q1,2021-01-28,28,184695,3070338
datadog,2021Q1,2021-01-29,29,162072,3232410
datadog,2021Q1,2021-01-30,30,32121,3264531
datadog,2021Q1,2021-01-31,31,26213,3290744
datadog,2021Q1,2021-02-01,32,167694,3458438
datadog,2021Q1,2021-02-02,33,186905,3645343
datadog,2021Q1,2021-02-03,34,198453,3843796
datadog,2021Q1,2021-02-04,35,197479,4041275
datadog,2021Q1,2021-02-05,36,180456,4221731
datadog,2021Q1,2021-02-06,37,26202,4247933
datadog,2021Q1,2021-02-07,38,25500,4273433
datadog,2021Q1,2021-02-08,39,178959,4452392
datadog,2021Q1,2021-02-09,40,213508,4665900
datadog,2021Q1,2021-02-10,41,208505,4874405
datadog,2021Q1,2021-02-11,42,189327,5063732
datadog,2021Q1,2021-02-12,43,167742,5231474
datadog,2021Q1,2021-02-13,44,28915,5260389
datadog,2021Q1,2021-02-14,45,25078,5285467
datadog,2021Q1,2021-02-15,46,130588,5416055
datadog,2021Q1,2021-02-16,47,196253,5612308
datadog,2021Q1,2021-02-17,48,206940,5819248
datadog,2021Q1,2021-02-18,49,209037,6028285
datadog,2021Q1,2021-02-19,50,189921,6218206
datadog,2021Q1,2021-02-20,51,29973,6248179
datadog,2021Q1,2021-02-21,52,22592,6270771
datadog,2021Q1,2021-02-22,53,187369,6458140
datadog,2021Q1,2021-02-23,54,206771,6664911
datadog,2021Q1,2021-02-24,55,223390,6888301
datadog,2021Q1,2021-02-25,56,218874,7107175
datadog,2021Q1,2021-02-26,57,186328,7293503
datadog,2021Q1,2021-02-27,58,33390,7326893
datadog,2021Q1,2021-02-28,59,26751,7353644
datadog,2021Q1,2021-03-01,60,199338,7552982
datadog,2021Q1,2021-03-02,61,230927,7783909
datadog,2021Q1,2021-03-03,62,235241,8019150
datadog,2021Q1,2021-03-04,63,244905,8264055
datadog,2021Q1,2021-03-05,64,201989,8466044
datadog,2021Q1,2021-03-06,65,46101,8512145
datadog,2021Q1,2021-03-07,66,41444,8553589
datadog,2021Q1,2021-03-08,67,223502,8777091
datadog,2021Q1,2021-03-09,68,245579,9022670
datadog,2021Q1,2021-03-10,69,243543,9266213
datadog,2021Q1,2021-03-11,70,219318,9485531
datadog,2021Q1,2021-03-12,71,194356,9679887
datadog,2021Q1,2021-03-13,72,34006,9713893
datadog,2021Q1,2021-03-14,73,26636,9740529
datadog,2021Q1,2021-03-15,74,210942,9951471
datadog,2021Q1,2021-03-16,75,230942,10182413
datadog,2021Q1,2021-03-17,76,224382,10406795
datadog,2021Q1,2021-03-18,77,230113,10636908
datadog,2021Q1,2021-03-19,78,190234,10827142
datadog,2021Q1,2021-03-20,79,26711,10853853
datadog,2021Q1,2021-03-21,80,26030,10879883
datadog,2021Q1,2021-03-22,81,213036,11092919
datadog,2021Q1,2021-03-23,82,227927,11320846
datadog,2021Q1,2021-03-24,83,234632,11555478
datadog,2021Q1,2021-03-25,84,237260,11792738
datadog,2021Q1,2021-03-26,85,193247,11985985
datadog,2021Q1,2021-03-27,86,27311,12013296
datadog,2021Q1,2021-03-28,87,26008,12039304
datadog,2021Q1,2021-03-29,88,212645,12251949
datadog,2021Q1,2021-03-30,89,236259,12488208
datadog,2021Q1,2021-03-31,90,243623,12731831
datadog,2021Q2,2021-04-01,1,206925,206925
datadog,2021Q2,2021-04-02,2,146951,353876
datadog,2021Q2,2021-04-03,3,34318,388194
datadog,2021Q2,2021-04-04,4,19910,408104
datadog,2021Q2,2021-04-05,5,142493,550597
datadog,2021Q2,2021-04-06,6,226241,776838
datadog,2021Q2,2021-04-07,7,240093,1016931
datadog,2021Q2,2021-04-08,8,237255,1254186
datadog,2021Q2,2021-04-09,9,222398,1476584
datadog,2021Q2,2021-04-10,10,25888,1502472
datadog,2021Q2,2021-04-11,11,21488,1523960
datadog,2021Q2,2021-04-12,12,233683,1757643
datadog,2021Q2,2021-04-13,13,245278,2002921
datadog,2021Q2,2021-04-14,14,241345,2244266
datadog,2021Q2,2021-04-15,15,238201,2482467
datadog,2021Q2,2021-04-16,16,194683,2677150
datadog,2021Q2,2021-04-17,17,26911,2704061
datadog,2021Q2,2021-04-18,18,24412,2728473
datadog,2021Q2,2021-04-19,19,212270,2940743
datadog,2021Q2,2021-04-20,20,234201,3174944
datadog,2021Q2,2021-04-21,21,227228,3402172
datadog,2021Q2,2021-04-22,22,249811,3651983
datadog,2021Q2,2021-04-23,23,219708,3871691
datadog,2021Q2,2021-04-24,24,30682,3902373
datadog,2021Q2,2021-04-25,25,30249,3932622
datadog,2021Q2,2021-04-26,26,223475,4156097
datadog,2021Q2,2021-04-27,27,242346,4398443
datadog,2021Q2,2021-04-28,28,236638,4635081
datadog,2021Q2,2021-04-29,29,215820,4850901
datadog,2021Q2,2021-04-30,30,183918,5034819
datadog,2021Q2,2021-05-01,31,28325,5063144
datadog,2021Q2,2021-05-02,32,25563,5088707
datadog,2021Q2,2021-05-03,33,174247,5262954
datadog,2021Q2,2021-05-04,34,211073,5474027
datadog,2021Q2,2021-05-05,35,224188,5698215
datadog,2021Q2,2021-05-06,36,231590,5929805
datadog,2021Q2,2021-05-07,37,205691,6135496
datadog,2021Q2,2021-05-08,38,29993,6165489
datadog,2021Q2,2021-05-09,39,24930,6190419
datadog,2021Q2,2021-05-10,40,229644,6420063
datadog,2021Q2,2021-05-11,41,242691,6662754
datadog,2021Q2,2021-05-12,42,237484,6900238
datadog,2021Q2,2021-05-13,43,199844,7100082
datadog,2021Q2,2021-05-14,44,175141,7275223
datadog,2021Q2,2021-05-15,45,24169,7299392
datadog,2021Q2,2021-05-16,46,21781,7321173
datadog,2021Q2,2021-05-17,47,213810,7534983
datadog,2021Q2,2021-05-18,48,249032,7784015
datadog,2021Q2,2021-05-19,49,248095,8032110
datadog,2021Q2,2021-05-20,50,257489,8289599
datadog,2021Q2,2021-05-21,51,204244,8493843
datadog,2021Q2,2021-05-22,52,32473,8526316
datadog,2021Q2,2021-05-23,53,23547,8549863
datadog,2021Q2,2021-05-24,54,197214,8747077
datadog,2021Q2,2021-05-25,55,269188,9016265
datadog,2021Q2,2021-05-26,56,257386,9273651
datadog,2021Q2,2021-05-27,57,248147,9521798
datadog,2021Q2,2021-05-28,58,185034,9706832
datadog,2021Q2,2021-05-29,59,24561,9731393
datadog,2021Q2,2021-05-30,60,23095,9754488
datadog,2021Q2,2021-05-31,61,149906,9904394
datadog,2021Q2,2021-06-01,62,239306,10143700
datadog,2021Q2,2021-06-02,63,245904,10389604
datadog,2021Q2,2021-06-03,64,245252,10634856
datadog,2021Q2,2021-06-04,65,219717,10854573
datadog,2021Q2,2021-06-05,66,30413,10884986
datadog,2021Q2,2021-06-06,67,25322,10910308
datadog,2021Q2,2021-06-07,68,242482,11152790
datadog,2021Q2,2021-06-08,69,263845,11416635
datadog,2021Q2,2021-06-09,70,274041,11690676
datadog,2021Q2,2021-06-10,71,270963,11961639
datadog,2021Q2,2021-06-11,72,235009,12196648
datadog,2021Q2,2021-06-12,73,27181,12223829
datadog,2021Q2,2021-06-13,74,22997,12246826
datadog,2021Q2,2021-06-14,75,232655,12479481
datadog,2021Q2,2021-06-15,76,268333,12747814
datadog,2021Q2,2021-06-16,77,261308,13009122
datadog,2021Q2,2021-06-17,78,263659,13272781
datadog,2021Q2,2021-06-18,79,199509,13472290
datadog,2021Q2,2021-06-19,80,24914,13497204
datadog,2021Q2,2021-06-20,81,27915,13525119
datadog,2021Q2,2021-06-21,82,226888,13752007
datadog,2021Q2,2021-06-22,83,266547,14018554
datadog,2021Q2,2021-06-23,84,263296,14281850
datadog,2021Q2,2021-06-24,85,263702,14545552
datadog,2021Q2,2021-06-25,86,217333,14762885
datadog,2021Q2,2021-06-26,87,28045,14790930
datadog,2021Q2,2021-06-27,88,25811,14816741
datadog,2021Q2,2021-06-28,89,245243,15061984
datadog,2021Q2,2021-06-29,90,269872,15331856
datadog,2021Q2,2021-06-30,91,263631,15595487
datadog,2021Q3,2021-07-01,1,239204,239204
datadog,2021Q3,2021-07-02,2,186563,425767
datadog,2021Q3,2021-07-03,3,25086,450853
datadog,2021Q3,2021-07-04,4,26771,477624
datadog,2021Q3,2021-07-05,5,164099,641723
datadog,2021Q3,2021-07-06,6,248445,890168
datadog,2021Q3,2021-07-07,7,252507,1142675
datadog,2021Q3,2021-07-08,8,252265,1394940
datadog,2021Q3,2021-07-09,9,213376,1608316
datadog,2021Q3,2021-07-10,10,25623,1633939
datadog,2021Q3,2021-07-11,11,28755,1662694
datadog,2021Q3,2021-07-12,12,249996,1912690
datadog,2021Q3,2021-07-13,13,272830,2185520
datadog,2021Q3,2021-07-14,14,273410,2458930
datadog,2021Q3,2021-07-15,15,301979,2760909
datadog,2021Q3,2021-07-16,16,340906,3101815
datadog,2021Q3,2021-07-17,17,41308,3143123
datadog,2021Q3,2021-07-18,18,34364,3177487
datadog,2021Q3,2021-07-19,19,387649,3565136
datadog,2021Q3,2021-07-20,20,385799,3950935
datadog,2021Q3,2021-07-21,21,397851,4348786
datadog,2021Q3,2021-07-22,22,385324,4734110
datadog,2021Q3,2021-07-23,23,297853,5031963
datadog,2021Q3,2021-07-24,24,41875,5073838
datadog,2021Q3,2021-07-25,25,35710,5109548
datadog,2021Q3,2021-07-26,26,352604,5462152
datadog,2021Q3,2021-07-27,27,408668,5870820
datadog,2021Q3,2021-07-28,28,441976,6312796
datadog,2021Q3,2021-07-29,29,438663,6751459
datadog,2021Q3,2021-07-30,30,380913,7132372
datadog,2021Q3,2021-07-31,31,75745,7208117
datadog,2021Q3,2021-08-01,32,68773,7276890
datadog,2021Q3,2021-08-02,33,344034,7620924
datadog,2021Q3,2021-08-03,34,432759,8053683
datadog,2021Q3,2021-08-04,35,437949,8491632
datadog,2021Q3,2021-08-05,36,447673,8939305
datadog,2021Q3,2021-08-06,37,376097,9315402
datadog,2021Q3,2021-08-07,38,67262,9382664
datadog,2021Q3,2021-08-08,39,58363,9441027
datadog,2021Q3,2021-08-09,40,399869,9840896
datadog,2021Q3,2021-08-10,41,441086,10281982
datadog,2021Q3,2021-08-11,42,446462,10728444
datadog,2021Q3,2021-08-12,43,429150,11157594
datadog,2021Q3,2021-08-13,44,397505,11555099
datadog,2021Q3,2021-08-14,45,74293,11629392
datadog,2021Q3,2021-08-15,46,63007,11692399
datadog,2021Q3,2021-08-16,47,408055,12100454
datadog,2021Q3,2021-08-17,48,471595,12572049
datadog,2021Q3,2021-08-18,49,466296,13038345
datadog,2021Q3,2021-08-19,50,472779,13511124
datadog,2021Q3,2021-08-20,51,391878,13903002
datadog,2021Q3,2021-08-21,52,64922,13967924
datadog,2021Q3,2021-08-22,53,60503,14028427
datadog,2021Q3,2021-08-23,54,411432,14439859
datadog,2021Q3,2021-08-24,55,437659,14877518
datadog,2021Q3,2021-08-25,56,454120,15331638
datadog,2021Q3,2021-08-26,57,494308,15825946
datadog,2021Q3,2021-08-27,58,418494,16244440
datadog,2021Q3,2021-08-28,59,70684,16315124
datadog,2021Q3,2021-08-29,60,61574,16376698
datadog,2021Q3,2021-08-30,61,417967,16794665
datadog,2021Q3,2021-08-31,62,487888,17282553
datadog,2021Q3,2021-09-01,63,485619,17768172
datadog,2021Q3,2021-09-02,64,485053,18253225
datadog,2021Q3,2021-09-03,65,369362,18622587
datadog,2021Q3,2021-09-04,66,60352,18682939
datadog,2021Q3,2021-09-05,67,37360,18720299
datadog,2021Q3,2021-09-06,68,184432,18904731
datadog,2021Q3,2021-09-07,69,405333,19310064
datadog,2021Q3,2021-09-08,70,517735,19827799
datadog,2021Q3,2021-09-09,71,502337,20330136
datadog,2021Q3,2021-09-10,72,444529,20774665
datadog,2021Q3,2021-09-11,73,72516,20847181
datadog,2021Q3,2021-09-12,74,55600,20902781
datadog,2021Q3,2021-09-13,75,445745,21348526
datadog,2021Q3,2021-09-14,76,507495,21856021
datadog,2021Q3,2021-09-15,77,527063,22383084
datadog,2021Q3,2021-09-16,78,515497,22898581
datadog,2021Q3,2021-09-17,79,426552,23325133
datadog,2021Q3,2021-09-18,80,66969,23392102
datadog,2021Q3,2021-09-19,81,58530,23450632
datadog,2021Q3,2021-09-20,82,470387,23921019
datadog,2021Q3,2021-09-21,83,526910,24447929
datadog,2021Q3,2021-09-22,84,536855,24984784
datadog,2021Q3,2021-09-23,85,522535,25507319
datadog,2021Q3,2021-09-24,86,426536,25933855
datadog,2021Q3,2021-09-25,87,73737,26007592
datadog,2021Q3,2021-09-26,88,70863,26078455
datadog,2021Q3,2021-09-27,89,489594,26568049
datadog,2021Q3,2021-09-28,90,529178,27097227
datadog,2021Q3,2021-09-29,91,542191,27639418
datadog,2021Q3,2021-09-30,92,527747,28167165
datadog,2021Q4,2021-10-01,1,458632,458632
datadog,2021Q4,2021-10-02,2,72290,530922
datadog,2021Q4,2021-10-03,3,66605,597527
datadog,2021Q4,2021-10-04,4,507182,1104709
datadog,2021Q4,2021-10-05,5,531492,1636201
datadog,2021Q4,2021-10-06,6,518322,2154523
datadog,2021Q4,2021-10-07,7,537798,2692321
datadog,2021Q4,2021-10-08,8,396385,3088706
datadog,2021Q4,2021-10-09,9,55216,3143922
datadog,2021Q4,2021-10-10,10,46220,3190142
datadog,2021Q4,2021-10-11,11,366858,3557000
datadog,2021Q4,2021-10-12,12,494332,4051332
datadog,2021Q4,2021-10-13,13,533035,4584367
datadog,2021Q4,2021-10-14,14,556520,5140887
datadog,2021Q4,2021-10-15,15,445691,5586578
datadog,2021Q4,2021-10-16,16,52311,5638889
datadog,2021Q4,2021-10-17,17,51454,5690343
datadog,2021Q4,2021-10-18,18,500219,6190562
datadog,2021Q4,2021-10-19,19,567364,6757926
datadog,2021Q4,2021-10-20,20,568263,7326189
datadog,2021Q4,2021-10-21,21,568472,7894661
datadog,2021Q4,2021-10-22,22,478325,8372986
datadog,2021Q4,2021-10-23,23,55771,8428757
datadog,2021Q4,2021-10-24,24,54671,8483428
datadog,2021Q4,2021-10-25,25,529394,9012822
datadog,2021Q4,2021-10-26,26,564222,9577044
datadog,2021Q4,2021-10-27,27,575288,10152332
datadog,2021Q4,2021-10-28,28,562783,10715115
datadog,2021Q4,2021-10-29,29,410552,11125667
datadog,2021Q4,2021-10-30,30,58755,11184422
datadog,2021Q4,2021-10-31,31,57398,11241820
datadog,2021Q4,2021-11-01,32,487747,11729567
datadog,2021Q4,2021-11-02,33,565176,12294743
datadog,2021Q4,2021-11-03,34,575212,12869955
datadog,2021Q4,2021-11-04,35,574188,13444143
datadog,2021Q4,2021-11-05,36,550861,13995004
datadog,2021Q4,2021-11-06,37,75953,14070957
datadog,2021Q4,2021-11-07,38,71116,14142073
datadog,2021Q4,2021-11-08,39,551897,14693970
datadog,2021Q4,2021-11-09,40,609311,15303281
datadog,2021Q4,2021-11-10,41,587439,15890720
datadog,2021Q4,2021-11-11,42,474708,16365428
datadog,2021Q4,2021-11-12,43,484498,16849926
datadog,2021Q4,2021-11-13,44,71178,16921104
datadog,2021Q4,2021-11-14,45,54509,16975613
datadog,2021Q4,2021-11-15,46,556762,17532375
datadog,2021Q4,2021-11-16,47,654764,18187139
datadog,2021Q4,2021-11-17,48,619367,18806506
datadog,2021Q4,2021-11-18,49,610550,19417056
datadog,2021Q4,2021-11-19,50,515793,19932849
datadog,2021Q4,2021-11-20,51,90595,20023444
datadog,2021Q4,2021-11-21,52,75369,20098813
datadog,2021Q4,2021-11-22,53,523433,20622246
datadog,2021Q4,2021-11-23,54,568094,21190340
datadog,2021Q4,2021-11-24,55,515857,21706197
datadog,2021Q4,2021-11-25,56,326136,22032333
datadog,2021Q4,2021-11-26,57,245703,22278036
datadog,2021Q4,2021-11-27,58,71628,22349664
datadog,2021Q4,2021-11-28,59,80550,22430214
datadog,2021Q4,2021-11-29,60,614219,23044433
datadog,2021Q4,2021-11-30,61,662420,23706853
datadog,2021Q4,2021-12-01,62,684465,24391318
datadog,2021Q4,2021-12-02,63,638709,25030027
datadog,2021Q4,2021-12-03,64,591157,25621184
datadog,2021Q4,2021-12-04,65,81504,25702688
datadog,2021Q4,2021-12-05,66,63522,25766210
datadog,2021Q4,2021-12-06,67,589445,26355655
datadog,2021Q4,2021-12-07,68,604849,26960504
datadog,2021Q4,2021-12-08,69,658881,27619385
datadog,2021Q4,2021-12-09,70,648905,28268290
datadog,2021Q4,2021-12-10,71,555254,28823544
datadog,2021Q4,2021-12-11,72,84297,28907841
datadog,2021Q4,2021-12-12,73,55831,28963672
datadog,2021Q4,2021-12-13,74,536830,29500502
datadog,2021Q4,2021-12-14,75,620025,30120527
datadog,2021Q4,2021-12-15,76,626984,30747511
datadog,2021Q4,2021-12-16,77,574230,31321741
datadog,2021Q4,2021-12-17,78,470185,31791926
datadog,2021Q4,2021-12-18,79,73362,31865288
datadog,2021Q4,2021-12-19,80,48756,31914044
datadog,2021Q4,2021-12-20,81,440081,32354125
datadog,2021Q4,2021-12-21,82,515877,32870002
datadog,2021Q4,2021-12-22,83,419838,33289840
datadog,2021Q4,2021-12-23,84,319108,33608948
datadog,2021Q4,2021-12-24,85,123765,33732713
datadog,2021Q4,2021-12-25,86,28392,33761105
datadog,2021Q4,2021-12-26,87,34333,33795438
datadog,2021Q4,2021-12-27,88,203496,33998934
datadog,2021Q4,2021-12-28,89,255741,34254675
datadog,2021Q4,2021-12-29,90,270709,34525384
datadog,2021Q4,2021-12-30,91,233290,34758674
datadog,2021Q4,2021-12-31,92,109798,34868472
datadog,2022Q1,2022-01-01,1,33862,33862
datadog,2022Q1,2022-01-02,2,39321,73183
datadog,2022Q1,2022-01-03,3,248656,321839
datadog,2022Q1,2022-01-04,4,474802,796641
datadog,2022Q1,2022-01-05,5,545173,1341814
datadog,2022Q1,2022-01-06,6,525412,1867226
datadog,2022Q1,2022-01-07,7,471714,2338940
datadog,2022Q1,2022-01-08,8,82292,2421232
datadog,2022Q1,2022-01-09,9,59657,2480889
datadog,2022Q1,2022-01-10,10,520616,3001505
datadog,2022Q1,2022-01-11,11,621415,3622920
datadog,2022Q1,2022-01-12,12,629529,4252449
datadog,2022Q1,2022-01-13,13,603337,4855786
datadog,2022Q1,2022-01-14,14,539725,5395511
datadog,2022Q1,2022-01-15,15,86125,5481636
datadog,2022Q1,2022-01-16,16,65832,5547468
datadog,2022Q1,2022-01-17,17,354336,5901804
datadog,2022Q1,2022-01-18,18,590750,6492554
datadog,2022Q1,2022-01-19,19,658078,7150632
datadog,2022Q1,2022-01-20,20,617245,7767877
datadog,2022Q1,2022-01-21,21,556528,8324405
datadog,2022Q1,2022-01-22,22,86735,8411140
datadog,2022Q1,2022-01-23,23,58314,8469454
datadog,2022Q1,2022-01-24,24,613510,9082964
datadog,2022Q1,2022-01-25,25,675093,9758057
datadog,2022Q1,2022-01-26,26,634789,10392846
datadog,2022Q1,2022-01-27,27,698521,11091367
datadog,2022Q1,2022-01-28,28,626864,11718231
datadog,2022Q1,2022-01-29,29,110142,11828373
datadog,2022Q1,2022-01-30,30,71665,11900038
datadog,2022Q1,2022-01-31,31,579457,12479495
datadog,2022Q1,2022-02-01,32,728576,13208071
datadog,2022Q1,2022-02-02,33,708351,13916422
datadog,2022Q1,2022-02-03,34,710545,14626967
datadog,2022Q1,2022-02-04,35,575220,15202187
datadog,2022Q1,2022-02-05,36,92295,15294482
datadog,2022Q1,2022-02-06,37,69367,15363849
datadog,2022Q1,2022-02-07,38,593273,15957122
datadog,2022Q1,2022-02-08,39,725603,16682725
datadog,2022Q1,2022-02-09,40,721539,17404264
datadog,2022Q1,2022-02-10,41,705660,18109924
datadog,2022Q1,2022-02-11,42,603317,18713241
datadog,2022Q1,2022-02-12,43,94330,18807571
datadog,2022Q1,2022-02-13,44,67618,18875189
datadog,2022Q1,2022-02-14,45,627603,19502792
datadog,2022Q1,2022-02-15,46,701761,20204553
datadog,2022Q1,2022-02-16,47,724434,20928987
datadog,2022Q1,2022-02-17,48,712982,21641969
datadog,2022Q1,2022-02-18,49,606199,22248168
datadog,2022Q1,2022-02-19,50,89558,22337726
datadog,2022Q1,2022-02-20,51,64627,22402353
datadog,2022Q1,2022-02-21,52,382388,22784741
datadog,2022Q1,2022-02-22,53,638999,23423740
datadog,2022Q1,2022-02-23,54,679939,24103679
datadog,2022Q1,2022-02-24,55,654669,24758348
datadog,2022Q1,2022-02-25,56,582243,25340591
datadog,2022Q1,2022-02-26,57,101463,25442054
datadog,2022Q1,2022-02-27,58,87810,25529864
datadog,2022Q1,2022-02-28,59,610676,26140540
datadog,2022Q1,2022-03-01,60,684109,26824649
datadog,2022Q1,2022-03-02,61,712760,27537409
datadog,2022Q1,2022-03-03,62,728925,28266334
datadog,2022Q1,2022-03-04,63,607562,28873896
datadog,2022Q1,2022-03-05,64,110035,28983931
datadog,2022Q1,2022-03-06,65,82514,29066445
datadog,2022Q1,2022-03-07,66,655530,29721975
datadog,2022Q1,2022-03-08,67,750751,30472726
datadog,2022Q1,2022-03-09,68,787808,31260534
datadog,2022Q1,2022-03-10,69,786262,32046796
datadog,2022Q1,2022-03-11,70,666288,32713084
datadog,2022Q1,2022-03-12,71,132308,32845392
datadog,2022Q1,2022-03-13,72,99357,32944749
datadog,2022Q1,2022-03-14,73,726865,33671614
datadog,2022Q1,2022-03-15,74,802020,34473634
datadog,2022Q1,2022-03-16,75,748822,35222456
datadog,2022Q1,2022-03-17,76,698236,35920692
datadog,2022Q1,2022-03-18,77,613120,36533812
datadog,2022Q1,2022-03-19,78,116067,36649879
datadog,2022Q1,2022-03-20,79,99430,36749309
datadog,2022Q1,2022-03-21,80,659019,37408328
datadog,2022Q1,2022-03-22,81,755996,38164324
datadog,2022Q1,2022-03-23,82,761699,38926023
datadog,2022Q1,2022-03-24,83,709985,39636008
datadog,2022Q1,2022-03-25,84,653474,40289482
datadog,2022Q1,2022-03-26,85,100168,40389650
datadog,2022Q1,2022-03-27,86,83878,40473528
datadog,2022Q1,2022-03-28,87,713835,41187363
datadog,2022Q1,2022-03-29,88,743641,41931004
datadog,2022Q1,2022-03-30,89,723374,42654378
datadog,2022Q1,2022-03-31,90,723766,43378144
datadog,2022Q2,2022-04-01,1,632560,632560
datadog,2022Q2,2022-04-02,2,104977,737537
datadog,2022Q2,2022-04-03,3,77737,815274
datadog,2022Q2,2022-04-04,4,686601,1501875
datadog,2022Q2,2022-04-05,5,703305,2205180
datadog,2022Q2,2022-04-06,6,690308,2895488
datadog,2022Q2,2022-04-07,7,779723,3675211
datadog,2022Q2,2022-04-08,8,637285,4312496
datadog,2022Q2,2022-04-09,9,121106,4433602
datadog,2022Q2,2022-04-10,10,98015,4531617
datadog,2022Q2,2022-04-11,11,704304,5235921
datadog,2022Q2,2022-04-12,12,1127759,6363680
datadog,2022Q2,2022-04-13,13,744338,7108018
datadog,2022Q2,2022-04-14,14,1009650,8117668
datadog,2022Q2,2022-04-15,15,489379,8607047
datadog,2022Q2,2022-04-16,16,99352,8706399
datadog,2022Q2,2022-04-17,17,82512,8788911
datadog,2022Q2,2022-04-18,18,553857,9342768
datadog,2022Q2,2022-04-19,19,804912,10147680
datadog,2022Q2,2022-04-20,20,926441,11074121
datadog,2022Q2,2022-04-21,21,943634,12017755
datadog,2022Q2,2022-04-22,22,675013,12692768
datadog,2022Q2,2022-04-23,23,102047,12794815
datadog,2022Q2,2022-04-24,24,101676,12896491
datadog,2022Q2,2022-04-25,25,690241,13586732
datadog,2022Q2,2022-04-26,26,851440,14438172
datadog,2022Q2,2022-04-27,27,780192,15218364
datadog,2022Q2,2022-04-28,28,748566,15966930
datadog,2022Q2,2022-04-29,29,632952,16599882
datadog,2022Q2,2022-04-30,30,90565,16690447
datadog,2022Q2,2022-05-01,31,80125,16770572
datadog,2022Q2,2022-05-02,32,598335,17368907
datadog,2022Q2,2022-05-03,33,685561,18054468
datadog,2022Q2,2022-05-04,34,718559,18773027
datadog,2022Q2,2022-05-05,35,735694,19508721
datadog,2022Q2,2022-05-06,36,650008,20158729
datadog,2022Q2,2022-05-07,37,119498,20278227
datadog,2022Q2,2022-05-08,38,67151,20345378
datadog,2022Q2,2022-05-09,39,700613,21045991
datadog,2022Q2,2022-05-10,40,745896,21791887
datadog,2022Q2,2022-05-11,41,755839,22547726
datadog,2022Q2,2022-05-12,42,746380,23294106
datadog,2022Q2,2022-05-13,43,652295,23946401
datadog,2022Q2,2022-05-14,44,101703,24048104
datadog,2022Q2,2022-05-15,45,93875,24141979
datadog,2022Q2,2022-05-16,46,735388,24877367
datadog,2022Q2,2022-05-17,47,832229,25709596
datadog,2022Q2,2022-05-18,48,835328,26544924
datadog,2022Q2,2022-05-19,49,778449,27323373
datadog,2022Q2,2022-05-20,50,646261,27969634
datadog,2022Q2,2022-05-21,51,100701,28070335
datadog,2022Q2,2022-05-22,52,87870,28158205
datadog,2022Q2,2022-05-23,53,658462,28816667
datadog,2022Q2,2022-05-24,54,796425,29613092
datadog,2022Q2,2022-05-25,55,778201,30391293
datadog,2022Q2,2022-05-26,56,720821,31112114
datadog,2022Q2,2022-05-27,57,626566,31738680
datadog,2022Q2,2022-05-28,58,88740,31827420
datadog,2022Q2,2022-05-29,59,83962,31911382
datadog,2022Q2,2022-05-30,60,467179,32378561
datadog,2022Q2,2022-05-31,61,772129,33150690
datadog,2022Q2,2022-06-01,62,785255,33935945
datadog,2022Q2,2022-06-02,63,783909,34719854
datadog,2022Q2,2022-06-03,64,629916,35349770
datadog,2022Q2,2022-06-04,65,94176,35443946
datadog,2022Q2,2022-06-05,66,73780,35517726
datadog,2022Q2,2022-06-06,67,657289,36175015
datadog,2022Q2,2022-06-07,68,778964,36953979
datadog,2022Q2,2022-06-08,69,777898,37731877
datadog,2022Q2,2022-06-09,70,786934,38518811
datadog,2022Q2,2022-06-10,71,681728,39200539
datadog,2022Q2,2022-06-11,72,83134,39283673
datadog,2022Q2,2022-06-12,73,67728,39351401
datadog,2022Q2,2022-06-13,74,718760,40070161
datadog,2022Q2,2022-06-14,75,813904,40884065
datadog,2022Q2,2022-06-15,76,813335,41697400
datadog,2022Q2,2022-06-16,77,765301,42462701
datadog,2022Q2,2022-06-17,78,599101,43061802
datadog,2022Q2,2022-06-18,79,76690,43138492
datadog,2022Q2,2022-06-19,80,73302,43211794
datadog,2022Q2,2022-06-20,81,474583,43686377
datadog,2022Q2,2022-06-21,82,762980,44449357
datadog,2022Q2,2022-06-22,83,841697,45291054
datadog,2022Q2,2022-06-23,84,813486,46104540
datadog,2022Q2,2022-06-24,85,669367,46773907
datadog,2022Q2,2022-06-25,86,81334,46855241
datadog,2022Q2,2022-06-26,87,87745,46942986
datadog,2022Q2,2022-06-27,88,759592,47702578
datadog,2022Q2,2022-06-28,89,884348,48586926
datadog,2022Q2,2022-06-29,90,892902,49479828
datadog,2022Q2,2022-06-30,91,763634,50243462
datadog,2022Q3,2022-07-01,1,523227,523227
datadog,2022Q3,2022-07-02,2,68188,591415
datadog,2022Q3,2022-07-03,3,70749,662164
datadog,2022Q3,2022-07-04,4,376299,1038463
datadog,2022Q3,2022-07-05,5,661135,1699598
datadog,2022Q3,2022-07-06,6,701517,2401115
datadog,2022Q3,2022-07-07,7,697174,3098289
datadog,2022Q3,2022-07-08,8,600885,3699174
datadog,2022Q3,2022-07-09,9,83136,3782310
datadog,2022Q3,2022-07-10,10,73436,3855746
datadog,2022Q3,2022-07-11,11,762170,4617916
datadog,2022Q3,2022-07-12,12,819562,5437478
datadog,2022Q3,2022-07-13,13,809678,6247156
datadog,2022Q3,2022-07-14,14,826390,7073546
datadog,2022Q3,2022-07-15,15,750902,7824448
datadog,2022Q3,2022-07-16,16,84081,7908529
datadog,2022Q3,2022-07-17,17,85791,7994320
datadog,2022Q3,2022-07-18,18,821697,8816017
datadog,2022Q3,2022-07-19,19,871120,9687137
datadog,2022Q3,2022-07-20,20,943217,10630354
datadog,2022Q3,2022-07-21,21,896299,11526653
datadog,2022Q3,2022-07-22,22,0,11526653
datadog,2022Q3,2022-07-23,23,86914,11613567
datadog,2022Q3,2022-07-24,24,77892,11691459
datadog,2022Q3,2022-07-25,25,833164,12524623
datadog,2022Q3,2022-07-26,26,917272,13441895
datadog,2022Q3,2022-07-27,27,926976,14368871
datadog,2022Q3,2022-07-28,28,911877,15280748
datadog,2022Q3,2022-07-29,29,761600,16042348
datadog,2022Q3,2022-07-30,30,110119,16152467
datadog,2022Q3,2022-07-31,31,93495,16245962
datadog,2022Q3,2022-08-01,32,783943,17029905
datadog,2022Q3,2022-08-02,33,912235,17942140
datadog,2022Q3,2022-08-03,34,923333,18865473
datadog,2022Q3,2022-08-04,35,915683,19781156
datadog,2022Q3,2022-08-05,36,722793,20503949
datadog,2022Q3,2022-08-06,37,100145,20604094
datadog,2022Q3,2022-08-07,38,87786,20691880
datadog,2022Q3,2022-08-08,39,840159,21532039
datadog,2022Q3,2022-08-09,40,952396,22484435
datadog,2022Q3,2022-08-10,41,933168,23417603
datadog,2022Q3,2022-08-11,42,893816,24311419
datadog,2022Q3,2022-08-12,43,754282,25065701
datadog,2022Q3,2022-08-13,44,95927,25161628
datadog,2022Q3,2022-08-14,45,79887,25241515
datadog,2022Q3,2022-08-15,46,783538,26025053
datadog,2022Q3,2022-08-16,47,921498,26946551
datadog,2022Q3,2022-08-17,48,953730,27900281
datadog,2022Q3,2022-08-18,49,915468,28815749
datadog,2022Q3,2022-08-19,50,795917,29611666
datadog,2022Q3,2022-08-20,51,95438,29707104
datadog,2022Q3,2022-08-21,52,91069,29798173
datadog,2022Q3,2022-08-22,53,929555,30727728
datadog,2022Q3,2022-08-23,54,992759,31720487
datadog,2022Q3,2022-08-24,55,998340,32718827
datadog,2022Q3,2022-08-25,56,981303,33700130
datadog,2022Q3,2022-08-26,57,800817,34500947
datadog,2022Q3,2022-08-27,58,98910,34599857
datadog,2022Q3,2022-08-28,59,79963,34679820
datadog,2022Q3,2022-08-29,60,864188,35544008
datadog,2022Q3,2022-08-30,61,979758,36523766
datadog,2022Q3,2022-08-31,62,1016355,37540121
datadog,2022Q3,2022-09-01,63,958870,38498991
datadog,2022Q3,2022-09-02,64,759134,39258125
datadog,2022Q3,2022-09-03,65,92724,39350849
datadog,2022Q3,2022-09-04,66,92425,39443274
datadog,2022Q3,2022-09-05,67,440942,39884216
datadog,2022Q3,2022-09-06,68,896971,40781187
datadog,2022Q3,2022-09-07,69,957867,41739054
datadog,2022Q3,2022-09-08,70,996725,42735779
datadog,2022Q3,2022-09-09,71,848300,43584079
datadog,2022Q3,2022-09-10,72,98384,43682463
datadog,2022Q3,2022-09-11,73,89123,43771586
datadog,2022Q3,2022-09-12,74,888179,44659765
datadog,2022Q3,2022-09-13,75,1027224,45686989
datadog,2022Q3,2022-09-14,76,1037156,46724145
datadog,2022Q3,2022-09-15,77,1005340,47729485
datadog,2022Q3,2022-09-16,78,872613,48602098
datadog,2022Q3,2022-09-17,79,118194,48720292
datadog,2022Q3,2022-09-18,80,101254,48821546
datadog,2022Q3,2022-09-19,81,891985,49713531
datadog,2022Q3,2022-09-20,82,1074082,50787613
datadog,2022Q3,2022-09-21,83,990261,51777874
datadog,2022Q3,2022-09-22,84,956403,52734277
datadog,2022Q3,2022-09-23,85,796837,53531114
datadog,2022Q3,2022-09-24,86,106143,53637257
datadog,2022Q3,2022-09-25,87,81328,53718585
datadog,2022Q3,2022-09-26,88,942595,54661180
datadog,2022Q3,2022-09-27,89,1000744,55661924
datadog,2022Q3,2022-09-28,90,1041828,56703752
datadog,2022Q3,2022-09-29,91,1038245,57741997
datadog,2022Q3,2022-09-30,92,785189,58527186
datadog,2022Q4,2022-10-01,1,110462,110462
datadog,2022Q4,2022-10-02,2,89281,199743
datadog,2022Q4,2022-10-03,3,873178,1072921
datadog,2022Q4,2022-10-04,4,959609,2032530
datadog,2022Q4,2022-10-05,5,964363,2996893
datadog,2022Q4,2022-10-06,6,890066,3886959
datadog,2022Q4,2022-10-07,7,768958,4655917
datadog,2022Q4,2022-10-08,8,116398,4772315
datadog,2022Q4,2022-10-09,9,94094,4866409
datadog,2022Q4,2022-10-10,10,685675,5552084
datadog,2022Q4,2022-10-11,11,899307,6451391
datadog,2022Q4,2022-10-12,12,906885,7358276
datadog,2022Q4,2022-10-13,13,897859,8256135
datadog,2022Q4,2022-10-14,14,797445,9053580
datadog,2022Q4,2022-10-15,15,106470,9160050
datadog,2022Q4,2022-10-16,16,87613,9247663
datadog,2022Q4,2022-10-17,17,844901,10092564
datadog,2022Q4,2022-10-18,18,909287,11001851
datadog,2022Q4,2022-10-19,19,874428,11876279
datadog,2022Q4,2022-10-20,20,845681,12721960
datadog,2022Q4,2022-10-21,21,739066,13461026
datadog,2022Q4,2022-10-22,22,100476,13561502
datadog,2022Q4,2022-10-23,23,96376,13657878
datadog,2022Q4,2022-10-24,24,807843,14465721
datadog,2022Q4,2022-10-25,25,927058,15392779
datadog,2022Q4,2022-10-26,26,921592,16314371
datadog,2022Q4,2022-10-27,27,916921,17231292
datadog,2022Q4,2022-10-28,28,788224,18019516
datadog,2022Q4,2022-10-29,29,112971,18132487
datadog,2022Q4,2022-10-30,30,96197,18228684
datadog,2022Q4,2022-10-31,31,806385,19035069
datadog,2022Q4,2022-11-01,32,841271,19876340
datadog,2022Q4,2022-11-02,33,925808,20802148
datadog,2022Q4,2022-11-03,34,913251,21715399
datadog,2022Q4,2022-11-04,35,808073,22523472
datadog,2022Q4,2022-11-05,36,115626,22639098
datadog,2022Q4,2022-11-06,37,105095,22744193
datadog,2022Q4,2022-11-07,38,884911,23629104
datadog,2022Q4,2022-11-08,39,975971,24605075
datadog,2022Q4,2022-11-09,40,1011067,25616142
datadog,2022Q4,2022-11-10,41,950938,26567080
datadog,2022Q4,2022-11-11,42,627557,27194637
datadog,2022Q4,2022-11-12,43,99850,27294487
datadog,2022Q4,2022-11-13,44,102704,27397191
datadog,2022Q4,2022-11-14,45,868164,28265355
datadog,2022Q4,2022-11-15,46,950097,29215452
datadog,2022Q4,2022-11-16,47,945923,30161375
datadog,2022Q4,2022-11-17,48,983458,31144833
datadog,2022Q4,2022-11-18,49,858879,32003712
datadog,2022Q4,2022-11-19,50,140557,32144269
datadog,2022Q4,2022-11-20,51,100958,32245227
datadog,2022Q4,2022-11-21,52,873234,33118461
datadog,2022Q4,2022-11-22,53,964205,34082666
datadog,2022Q4,2022-11-23,54,898381,34981047
datadog,2022Q4,2022-11-24,55,650359,35631406
datadog,2022Q4,2022-11-25,56,487226,36118632
datadog,2022Q4,2022-11-26,57,76386,36195018
datadog,2022Q4,2022-11-27,58,90009,36285027
datadog,2022Q4,2022-11-28,59,842397,37127424
datadog,2022Q4,2022-11-29,60,981415,38108839
datadog,2022Q4,2022-11-30,61,982413,39091252
datadog,2022Q4,2022-12-01,62,947510,40038762
datadog,2022Q4,2022-12-02,63,841750,40880512
datadog,2022Q4,2022-12-03,64,140140,41020652
datadog,2022Q4,2022-12-04,65,102709,41123361
datadog,2022Q4,2022-12-05,66,875171,41998532
datadog,2022Q4,2022-12-06,67,974602,42973134
datadog,2022Q4,2022-12-07,68,965711,43938845
datadog,2022Q4,2022-12-08,69,897326,44836171
datadog,2022Q4,2022-12-09,70,783625,45619796
datadog,2022Q4,2022-12-10,71,117893,45737689
datadog,2022Q4,2022-12-11,72,98521,45836210
datadog,2022Q4,2022-12-12,73,851011,46687221
datadog,2022Q4,2022-12-13,74,923832,47611053
datadog,2022Q4,2022-12-14,75,938345,48549398
datadog,2022Q4,2022-12-15,76,907736,49457134
datadog,2022Q4,2022-12-16,77,783925,50241059
datadog,2022Q4,2022-12-17,78,126607,50367666
datadog,2022Q4,2022-12-18,79,97302,50464968
datadog,2022Q4,2022-12-19,80,744438,51209406
datadog,2022Q4,2022-12-20,81,819032,52028438
datadog,2022Q4,2022-12-21,82,749352,52777790
datadog,2022Q4,2022-12-22,83,659210,53437000
datadog,2022Q4,2022-12-23,84,397133,53834133
datadog,2022Q4,2022-12-24,85,72923,53907056
datadog,2022Q4,2022-12-25,86,61420,53968476
datadog,2022Q4,2022-12-26,87,193417,54161893
datadog,2022Q4,2022-12-27,88,337310,54499203
datadog,2022Q4,2022-12-28,89,384494,54883697
datadog,2022Q4,2022-12-29,90,368577,55252274
datadog,2022Q4,2022-12-30,91,262589,55514863
datadog,2022Q4,2022-12-31,92,65738,55580601
datadog,2023Q1,2023-01-01,1,66226,66226
datadog,2023Q1,2023-01-02,2,251549,317775
datadog,2023Q1,2023-01-03,3,725825,1043600
datadog,2023Q1,2023-01-04,4,818425,1862025
datadog,2023Q1,2023-01-05,5,829973,2691998
datadog,2023Q1,2023-01-06,6,696272,3388270
datadog,2023Q1,2023-01-07,7,122940,3511210
datadog,2023Q1,2023-01-08,8,94067,3605277
datadog,2023Q1,2023-01-09,9,847706,4452983
datadog,2023Q1,2023-01-10,10,945204,5398187
datadog,2023Q1,2023-01-11,11,946577,6344764
datadog,2023Q1,2023-01-12,12,922280,7267044
datadog,2023Q1,2023-01-13,13,818037,8085081
datadog,2023Q1,2023-01-14,14,128948,8214029
datadog,2023Q1,2023-01-15,15,98539,8312568
datadog,2023Q1,2023-01-16,16,602004,8914572
datadog,2023Q1,2023-01-17,17,888400,9802972
datadog,2023Q1,2023-01-18,18,936733,10739705
datadog,2023Q1,2023-01-19,19,908902,11648607
datadog,2023Q1,2023-01-20,20,807098,12455705
datadog,2023Q1,2023-01-21,21,115322,12571027
datadog,2023Q1,2023-01-22,22,96184,12667211
datadog,2023Q1,2023-01-23,23,813112,13480323
datadog,2023Q1,2023-01-24,24,923431,14403754
datadog,2023Q1,2023-01-25,25,952263,15356017
datadog,2023Q1,2023-01-26,26,903768,16259785
datadog,2023Q1,2023-01-27,27,815729,17075514
datadog,2023Q1,2023-01-28,28,152616,17228130
datadog,2023Q1,2023-01-29,29,131154,17359284
datadog,2023Q1,2023-01-30,30,896353,18255637
datadog,2023Q1,2023-01-31,31,1017719,19273356
datadog,2023Q1,2023-02-01,32,1044689,20318045
datadog,2023Q1,2023-02-02,33,1005452,21323497
datadog,2023Q1,2023-02-03,34,873880,22197377
datadog,2023Q1,2023-02-04,35,143244,22340621
datadog,2023Q1,2023-02-05,36,104337,22444958
datadog,2023Q1,2023-02-06,37,924900,23369858
datadog,2023Q1,2023-02-07,38,1076519,24446377
datadog,2023Q1,2023-02-08,39,1045545,25491922
datadog,2023Q1,2023-02-09,40,1029375,26521297
datadog,2023Q1,2023-02-10,41,909506,27430803
datadog,2023Q1,2023-02-11,42,140090,27570893
datadog,2023Q1,2023-02-12,43,114545,27685438
datadog,2023Q1,2023-02-13,44,929167,28614605
datadog,2023Q1,2023-02-14,45,1005820,29620425
datadog,2023Q1,2023-02-15,46,1017040,30637465
datadog,2023Q1,2023-02-16,47,1030016,31667481
datadog,2023Q1,2023-02-17,48,962468,32629949
datadog,2023Q1,2023-02-18,49,149539,32779488
datadog,2023Q1,2023-02-19,50,114918,32894406
datadog,2023Q1,2023-02-20,51,619561,33513967
datadog,2023Q1,2023-02-21,52,982001,34495968
datadog,2023Q1,2023-02-22,53,1070864,35566832
datadog,2023Q1,2023-02-23,54,1071129,36637961
datadog,2023Q1,2023-02-24,55,960489,37598450
datadog,2023Q1,2023-02-25,56,175027,37773477
datadog,2023Q1,2023-02-26,57,128636,37902113
datadog,2023Q1,2023-02-27,58,843459,38745572
datadog,2023Q1,2023-02-28,59,922977,39668549
datadog,2023Q1,2023-03-01,60,1045378,40713927
datadog,2023Q1,2023-03-02,61,1082580,41796507
datadog,2023Q1,2023-03-03,62,962445,42758952
datadog,2023Q1,2023-03-04,63,164877,42923829
datadog,2023Q1,2023-03-05,64,123774,43047603
datadog,2023Q1,2023-03-06,65,1047309,44094912
datadog,2023Q1,2023-03-07,66,1168950,45263862
datadog,2023Q1,2023-03-08,67,1103811,46367673
datadog,2023Q1,2023-03-09,68,1151935,47519608
datadog,2023Q1,2023-03-10,69,1033323,48552931
datadog,2023Q1,2023-03-11,70,173445,48726376
datadog,2023Q1,2023-03-12,71,136418,48862794
datadog,2023Q1,2023-03-13,72,1136326,49999120
datadog,2023Q1,2023-03-14,73,1204032,51203152
datadog,2023Q1,2023-03-15,74,1174303,52377455
datadog,2023Q1,2023-03-16,75,1158702,53536157
datadog,2023Q1,2023-03-17,76,848526,54384683
datadog,2023Q1,2023-03-18,77,123195,54507878
datadog,2023Q1,2023-03-19,78,134971,54642849
datadog,2023Q1,2023-03-20,79,1036147,55678996
datadog,2023Q1,2023-03-21,80,1148396,56827392
datadog,2023Q1,2023-03-22,81,1173400,58000792
datadog,2023Q1,2023-03-23,82,1124436,59125228
datadog,2023Q1,2023-03-24,83,947819,60073047
datadog,2023Q1,2023-03-25,84,137728,60210775
datadog,2023Q1,2023-03-26,85,130483,60341258
datadog,2023Q1,2023-03-27,86,1076863,61418121
datadog,2023Q1,2023-03-28,87,1196440,62614561
datadog,2023Q1,2023-03-29,88,1117972,63732533
datadog,2023Q1,2023-03-30,89,1153946,64886479
datadog,2023Q1,2023-03-31,90,983165,65869644
datadog,2023Q2,2023-04-01,1,151953,151953
datadog,2023Q2,2023-04-02,2,139225,291178
datadog,2023Q2,2023-04-03,3,1132198,1423376
datadog,2023Q2,2023-04-04,4,1189898,2613274
datadog,2023Q2,2023-04-05,5,1067817,3681091
datadog,2023Q2,2023-04-06,6,1080884,4761975
datadog,2023Q2,2023-04-07,7,677752,5439727
datadog,2023Q2,2023-04-08,8,117908,5557635
datadog,2023Q2,2023-04-09,9,117827,5675462
datadog,2023Q2,2023-04-10,10,851093,6526555
datadog,2023Q2,2023-04-11,11,1152947,7679502
datadog,2023Q2,2023-04-12,12,1125672,8805174
datadog,2023Q2,2023-04-13,13,1120945,9926119
datadog,2023Q2,2023-04-14,14,991723,10917842
datadog,2023Q2,2023-04-15,15,136593,11054435
datadog,2023Q2,2023-04-16,16,140403,11194838
datadog,2023Q2,2023-04-17,17,1092994,12287832
datadog,2023Q2,2023-04-18,18,1164642,13452474
datadog,2023Q2,2023-04-19,19,1147032,14599506
datadog,2023Q2,2023-04-20,20,1080043,15679549
datadog,2023Q2,2023-04-21,21,884386,16563935
datadog,2023Q2,2023-04-22,22,137908,16701843
datadog,2023Q2,2023-04-23,23,164095,16865938
datadog,2023Q2,2023-04-24,24,1111634,17977572
datadog,2023Q2,2023-04-25,25,1193586,19171158
datadog,2023Q2,2023-04-26,26,1198484,20369642
datadog,2023Q2,2023-04-27,27,1197505,21567147
datadog,2023Q2,2023-04-28,28,1025983,22593130
datadog,2023Q2,2023-04-29,29,147485,22740615
datadog,2023Q2,2023-04-30,30,143433,22884048
datadog,2023Q2,2023-05-01,31,724332,23608380
datadog,2023Q2,2023-05-02,32,1072651,24681031
datadog,2023Q2,2023-05-03,33,1073343,25754374
datadog,2023Q2,2023-05-04,34,1069187,26823561
datadog,2023Q2,2023-05-05,35,991265,27814826
datadog,2023Q2,2023-05-06,36,148088,27962914
datadog,2023Q2,2023-05-07,37,134344,28097258
datadog,2023Q2,2023-05-08,38,1049026,29146284
datadog,2023Q2,2023-05-09,39,1170963,30317247
datadog,2023Q2,2023-05-10,40,1122136,31439383
datadog,2023Q2,2023-05-11,41,1214966,32654349
datadog,2023Q2,2023-05-12,42,972655,33627004
datadog,2023Q2,2023-05-13,43,139996,33767000
datadog,2023Q2,2023-05-14,44,149616,33916616
datadog,2023Q2,2023-05-15,45,1084412,35001028
datadog,2023Q2,2023-05-16,46,1126695,36127723
datadog,2023Q2,2023-05-17,47,1145804,37273527
datadog,2023Q2,2023-05-18,48,1011506,38285033
datadog,2023Q2,2023-05-19,49,944039,39229072
datadog,2023Q2,2023-05-20,50,144112,39373184
datadog,2023Q2,2023-05-21,51,144019,39517203
datadog,2023Q2,2023-05-22,52,923466,40440669
datadog,2023Q2,2023-05-23,53,1173236,41613905
datadog,2023Q2,2023-05-24,54,1153924,42767829
datadog,2023Q2,2023-05-25,55,1122788,43890617
datadog,2023Q2,2023-05-26,56,925807,44816424
datadog,2023Q2,2023-05-27,57,128314,44944738
datadog,2023Q2,2023-05-28,58,142034,45086772
datadog,2023Q2,2023-05-29,59,632654,45719426
datadog,2023Q2,2023-05-30,60,1100947,46820373
datadog,2023Q2,2023-05-31,61,1173549,47993922
datadog,2023Q2,2023-06-01,62,1158390,49152312
datadog,2023Q2,2023-06-02,63,979638,50131950
datadog,2023Q2,2023-06-03,64,144937,50276887
datadog,2023Q2,2023-06-04,65,147897,50424784
datadog,2023Q2,2023-06-05,66,1093594,51518378
datadog,2023Q2,2023-06-06,67,1172097,52690475
datadog,2023Q2,2023-06-07,68,1175255,53865730
datadog,2023Q2,2023-06-08,69,1147843,55013573
datadog,2023Q2,2023-06-09,70,967649,55981222
datadog,2023Q2,2023-06-10,71,131303,56112525
datadog,2023Q2,2023-06-11,72,134735,56247260
datadog,2023Q2,2023-06-12,73,1096576,57343836
datadog,2023Q2,2023-06-13,74,1184873,58528709
datadog,2023Q2,2023-06-14,75,1189173,59717882
datadog,2023Q2,2023-06-15,76,1176981,60894863
datadog,2023Q2,2023-06-16,77,965662,61860525
datadog,2023Q2,2023-06-17,78,144751,62005276
datadog,2023Q2,2023-06-18,79,145446,62150722
datadog,2023Q2,2023-06-19,80,854486,63005208
datadog,2023Q2,2023-06-20,81,1177677,64182885
datadog,2023Q2,2023-06-21,82,1245868,65428753
datadog,2023Q2,2023-06-22,83,1147507,66576260
datadog,2023Q2,2023-06-23,84,992967,67569227
datadog,2023Q2,2023-06-24,85,139024,67708251
datadog,2023Q2,2023-06-25,86,163242,67871493
datadog,2023Q2,2023-06-26,87,1105551,68977044
datadog,2023Q2,2023-06-27,88,1172739,70149783
datadog,2023Q2,2023-06-28,89,1173945,71323728
datadog,2023Q2,2023-06-29,90,1120540,72444268
datadog,2023Q2,2023-06-30,91,846231,73290499
datadog,2023Q3,2023-07-01,1,144430,144430
datadog,2023Q3,2023-07-02,2,137928,282358
datadog,2023Q3,2023-07-03,3,748270,1030628
datadog,2023Q3,2023-07-04,4,798740,1829368
datadog,2023Q3,2023-07-05,5,1146597,2975965
datadog,2023Q3,2023-07-06,6,1182530,4158495
datadog,2023Q3,2023-07-07,7,1037300,5195795
datadog,2023Q3,2023-07-08,8,166098,5361893
datadog,2023Q3,2023-07-09,9,148466,5510359
datadog,2023Q3,2023-07-10,10,1166413,6676772
datadog,2023Q3,2023-07-11,11,1298171,7974943
datadog,2023Q3,2023-07-12,12,1226289,9201232
datadog,2023Q3,2023-07-13,13,1224937,10426169
datadog,2023Q3,2023-07-14,14,1005449,11431618
datadog,2023Q3,2023-07-15,15,147762,11579380
datadog,2023Q3,2023-07-16,16,149693,11729073
datadog,2023Q3,2023-07-17,17,1116015,12845088
datadog,2023Q3,2023-07-18,18,1208161,14053249
datadog,2023Q3,2023-07-19,19,1236247,15289496
datadog,2023Q3,2023-07-20,20,1181282,16470778
datadog,2023Q3,2023-07-21,21,1045742,17516520
datadog,2023Q3,2023-07-22,22,152057,17668577
datadog,2023Q3,2023-07-23,23,152750,17821327
datadog,2023Q3,2023-07-24,24,1189731,19011058
datadog,2023Q3,2023-07-25,25,1256950,20268008
datadog,2023Q3,2023-07-26,26,1246719,21514727
datadog,2023Q3,2023-07-27,27,1208251,22722978
datadog,2023Q3,2023-07-28,28,1047763,23770741
datadog,2023Q3,2023-07-29,29,150974,23921715
datadog,2023Q3,2023-07-30,30,155000,24076715
datadog,2023Q3,2023-07-31,31,1137185,25213900
datadog,2023Q3,2023-08-01,32,1248146,26462046
datadog,2023Q3,2023-08-02,33,1184532,27646578
datadog,2023Q3,2023-08-03,34,1215109,28861687
datadog,2023Q3,2023-08-04,35,1080390,29942077
datadog,2023Q3,2023-08-05,36,145337,30087414
datadog,2023Q3,2023-08-06,37,153120,30240534
datadog,2023Q3,2023-08-07,38,1006852,31247386
datadog,2023Q3,2023-08-08,39,1276511,32523897
datadog,2023Q3,2023-08-09,40,1277461,33801358
datadog,2023Q3,2023-08-10,41,1227266,35028624
datadog,2023Q3,2023-08-11,42,1061184,36089808
datadog,2023Q3,2023-08-12,43,149892,36239700
datadog,2023Q3,2023-08-13,44,156537,36396237
datadog,2023Q3,2023-08-14,45,1157469,37553706
datadog,2023Q3,2023-08-15,46,1122269,38675975
datadog,2023Q3,2023-08-16,47,1269611,39945586
datadog,2023Q3,2023-08-17,48,1221229,41166815
datadog,2023Q3,2023-08-18,49,1004332,42171147
datadog,2023Q3,2023-08-19,50,145611,42316758
datadog,2023Q3,2023-08-20,51,152986,42469744
datadog,2023Q3,2023-08-21,52,1222334,43692078
datadog,2023Q3,2023-08-22,53,1251748,44943826
datadog,2023Q3,2023-08-23,54,1240176,46184002
datadog,2023Q3,2023-08-24,55,1238148,47422150
datadog,2023Q3,2023-08-25,56,938194,48360344
datadog,2023Q3,2023-08-26,57,161187,48521531
datadog,2023Q3,2023-08-27,58,164329,48685860
datadog,2023Q3,2023-08-28,59,1122589,49808449
datadog,2023Q3,2023-08-29,60,1239472,51047921
datadog,2023Q3,2023-08-30,61,1250873,52298794
datadog,2023Q3,2023-08-31,62,1251788,53550582
datadog,2023Q3,2023-09-01,63,1009707,54560289
datadog,2023Q3,2023-09-02,64,170609,54730898
datadog,2023Q3,2023-09-03,65,172197,54903095
datadog,2023Q3,2023-09-04,66,653882,55556977
datadog,2023Q3,2023-09-05,67,1202850,56759827
datadog,2023Q3,2023-09-06,68,1309009,58068836
datadog,2023Q3,2023-09-07,69,1257015,59325851
datadog,2023Q3,2023-09-08,70,1086792,60412643
datadog,2023Q3,2023-09-09,71,158356,60570999
datadog,2023Q3,2023-09-10,72,143768,60714767
datadog,2023Q3,2023-09-11,73,1208990,61923757
datadog,2023Q3,2023-09-12,74,1310584,63234341
datadog,2023Q3,2023-09-13,75,1261724,64496065
datadog,2023Q3,2023-09-14,76,1255464,65751529
datadog,2023Q3,2023-09-15,77,1059330,66810859
datadog,2023Q3,2023-09-16,78,162213,66973072
datadog,2023Q3,2023-09-17,79,137563,67110635
datadog,2023Q3,2023-09-18,80,1129434,68240069
datadog,2023Q3,2023-09-19,81,1211737,69451806
datadog,2023Q3,2023-09-20,82,1246781,70698587
datadog,2023Q3,2023-09-21,83,1237024,71935611
datadog,2023Q3,2023-09-22,84,1041947,72977558
datadog,2023Q3,2023-09-23,85,155666,73133224
datadog,2023Q3,2023-09-24,86,137301,73270525
datadog,2023Q3,2023-09-25,87,1160372,74430897
datadog,2023Q3,2023-09-26,88,1275224,75706121
datadog,2023Q3,2023-09-27,89,1207875,76913996
datadog,2023Q3,2023-09-28,90,1218960,78132956
datadog,2023Q3,2023-09-29,91,1086118,79219074
datadog,2023Q3,2023-09-30,92,175240,79394314
datadog,2023Q4,2023-10-01,1,173917,173917
datadog,2023Q4,2023-10-02,2,967164,1141081
datadog,2023Q4,2023-10-03,3,1158751,2299832
datadog,2023Q4,2023-10-04,4,1183887,3483719
datadog,2023Q4,2023-10-05,5,1170326,4654045
datadog,2023Q4,2023-10-06,6,1015964,5670009
datadog,2023Q4,2023-10-07,7,167335,5837344
datadog,2023Q4,2023-10-08,8,149577,5986921
datadog,2023Q4,2023-10-09,9,852161,6839082
datadog,2023Q4,2023-10-10,10,1138012,7977094
datadog,2023Q4,2023-10-11,11,1180848,9157942
datadog,2023Q4,2023-10-12,12,1133355,10291297
datadog,2023Q4,2023-10-13,13,935019,11226316
datadog,2023Q4,2023-10-14,14,153168,11379484
datadog,2023Q4,2023-10-15,15,152248,11531732
datadog,2023Q4,2023-10-16,16,1094645,12626377
datadog,2023Q4,2023-10-17,17,1193845,13820222
datadog,2023Q4,2023-10-18,18,1209380,15029602
datadog,2023Q4,2023-10-19,19,1194487,16224089
datadog,2023Q4,2023-10-20,20,1008125,17232214
datadog,2023Q4,2023-10-21,21,170803,17403017
datadog,2023Q4,2023-10-22,22,145417,17548434
datadog,2023Q4,2023-10-23,23,1088955,18637389
datadog,2023Q4,2023-10-24,24,1160255,19797644
datadog,2023Q4,2023-10-25,25,1189735,20987379
datadog,2023Q4,2023-10-26,26,1169434,22156813
datadog,2023Q4,2023-10-27,27,1017606,23174419
datadog,2023Q4,2023-10-28,28,149101,23323520
datadog,2023Q4,2023-10-29,29,143416,23466936
datadog,2023Q4,2023-10-30,30,1112180,24579116
datadog,2023Q4,2023-10-31,31,1172859,25751975
datadog,2023Q4,2023-11-01,32,1004156,26756131
datadog,2023Q4,2023-11-02,33,331095,27087226
datadog,2023Q4,2023-11-03,34,0,27087226
datadog,2023Q4,2023-11-04,35,167779,27255005
datadog,2023Q4,2023-11-05,36,171449,27426454
datadog,2023Q4,2023-11-06,37,1091624,28518078
datadog,2023Q4,2023-11-07,38,1170304,29688382
datadog,2023Q4,2023-11-08,39,1172664,30861046
datadog,2023Q4,2023-11-09,40,1144371,32005417
datadog,2023Q4,2023-11-10,41,888200,32893617
datadog,2023Q4,2023-11-11,42,161138,33054755
datadog,2023Q4,2023-11-12,43,160979,33215734
datadog,2023Q4,2023-11-13,44,1064777,34280511
datadog,2023Q4,2023-11-14,45,1158613,35439124
datadog,2023Q4,2023-11-15,46,1127974,36567098
datadog,2023Q4,2023-11-16,47,1130233,37697331
datadog,2023Q4,2023-11-17,48,955080,38652411
datadog,2023Q4,2023-11-18,49,176647,38829058
datadog,2023Q4,2023-11-19,50,153144,38982202
datadog,2023Q4,2023-11-20,51,1012986,39995188
datadog,2023Q4,2023-11-21,52,1115508,41110696
datadog,2023Q4,2023-11-22,53,1021455,42132151
datadog,2023Q4,2023-11-23,54,713061,42845212
datadog,2023Q4,2023-11-24,55,578669,43423881
datadog,2023Q4,2023-11-25,56,133731,43557612
datadog,2023Q4,2023-11-26,57,159525,43717137
datadog,2023Q4,2023-11-27,58,1023905,44741042
datadog,2023Q4,2023-11-28,59,1160884,45901926
datadog,2023Q4,2023-11-29,60,1167804,47069730
datadog,2023Q4,2023-11-30,61,1122733,48192463
datadog,2023Q4,2023-12-01,62,968834,49161297
datadog,2023Q4,2023-12-02,63,199038,49360335
datadog,2023Q4,2023-12-03,64,169168,49529503
datadog,2023Q4,2023-12-04,65,1058592,50588095
datadog,2023Q4,2023-12-05,66,1127000,51715095
datadog,2023Q4,2023-12-06,67,1107855,52822950
datadog,2023Q4,2023-12-07,68,1088907,53911857
datadog,2023Q4,2023-12-08,69,897614,54809471
datadog,2023Q4,2023-12-09,70,189674,54999145
datadog,2023Q4,2023-12-10,71,176170,55175315
datadog,2023Q4,2023-12-11,72,1058103,56233418
datadog,2023Q4,2023-12-12,73,1161660,57395078
datadog,2023Q4,2023-12-13,74,1152988,58548066
datadog,2023Q4,2023-12-14,75,1115773,59663839
datadog,2023Q4,2023-12-15,76,945884,60609723
datadog,2023Q4,2023-12-16,77,203737,60813460
datadog,2023Q4,2023-12-17,78,177509,60990969
datadog,2023Q4,2023-12-18,79,1002151,61993120
datadog,2023Q4,2023-12-19,80,1087390,63080510
datadog,2023Q4,2023-12-20,81,1063985,64144495
datadog,2023Q4,2023-12-21,82,928459,65072954
datadog,2023Q4,2023-12-22,83,626374,65699328
datadog,2023Q4,2023-12-23,84,139762,65839090
datadog,2023Q4,2023-12-24,85,130211,65969301
datadog,2023Q4,2023-12-25,86,215878,66185179
datadog,2023Q4,2023-12-26,87,350143,66535322
datadog,2023Q4,2023-12-27,88,481009,67016331
datadog,2023Q4,2023-12-28,89,477834,67494165
datadog,2023Q4,2023-12-29,90,380916,67875081
datadog,2023Q4,2023-12-30,91,128881,68003962
datadog,2023Q4,2023-12-31,92,122300,68126262
datadog,2024Q1,2024-01-01,1,181052,181052
datadog,2024Q1,2024-01-02,2,821798,1002850
datadog,2024Q1,2024-01-03,3,938520,1941370
datadog,2024Q1,2024-01-04,4,968413,2909783
datadog,2024Q1,2024-01-05,5,874374,3784157
datadog,2024Q1,2024-01-06,6,169730,3953887
datadog,2024Q1,2024-01-07,7,150749,4104636
datadog,2024Q1,2024-01-08,8,976099,5080735
datadog,2024Q1,2024-01-09,9,1087810,6168545
datadog,2024Q1,2024-01-10,10,1130346,7298891
datadog,2024Q1,2024-01-11,11,1112775,8411666
datadog,2024Q1,2024-01-12,12,969622,9381288
datadog,2024Q1,2024-01-13,13,171924,9553212
datadog,2024Q1,2024-01-14,14,157012,9710224
datadog,2024Q1,2024-01-15,15,745567,10455791
datadog,2024Q1,2024-01-16,16,1158255,11614046
datadog,2024Q1,2024-01-17,17,1245685,12859731
datadog,2024Q1,2024-01-18,18,1120128,13979859
datadog,2024Q1,2024-01-19,19,1014802,14994661
datadog,2024Q1,2024-01-20,20,199482,15194143
datadog,2024Q1,2024-01-21,21,173356,15367499
datadog,2024Q1,2024-01-22,22,1131091,16498590
datadog,2024Q1,2024-01-23,23,1254235,17752825
datadog,2024Q1,2024-01-24,24,1177244,18930069
datadog,2024Q1,2024-01-25,25,1195352,20125421
datadog,2024Q1,2024-01-26,26,988710,21114131
datadog,2024Q1,2024-01-27,27,189567,21303698
datadog,2024Q1,2024-01-28,28,174811,21478509
datadog,2024Q1,2024-01-29,29,1122398,22600907
datadog,2024Q1,2024-01-30,30,1237817,23838724
datadog,2024Q1,2024-01-31,31,1213504,25052228
datadog,2024Q1,2024-02-01,32,1198448,26250676
datadog,2024Q1,2024-02-02,33,1042936,27293612
datadog,2024Q1,2024-02-03,34,173127,27466739
datadog,2024Q1,2024-02-04,35,184296,27651035
datadog,2024Q1,2024-02-05,36,1114206,28765241
datadog,2024Q1,2024-02-06,37,1187063,29952304
datadog,2024Q1,2024-02-07,38,1168034,31120338
datadog,2024Q1,2024-02-08,39,1197080,32317418
datadog,2024Q1,2024-02-09,40,1001785,33319203
datadog,2024Q1,2024-02-10,41,172193,33491396
datadog,2024Q1,2024-02-11,42,163511,33654907
datadog,2024Q1,2024-02-12,43,1044579,34699486
datadog,2024Q1,2024-02-13,44,1163923,35863409
datadog,2024Q1,2024-02-14,45,1150773,37014182
datadog,2024Q1,2024-02-15,46,1191483,38205665
datadog,2024Q1,2024-02-16,47,1056277,39261942
datadog,2024Q1,2024-02-17,48,172042,39433984
datadog,2024Q1,2024-02-18,49,171127,39605111
datadog,2024Q1,2024-02-19,50,846182,40451293
datadog,2024Q1,2024-02-20,51,1239565,41690858
datadog,2024Q1,2024-02-21,52,1258689,42949547
datadog,2024Q1,2024-02-22,53,1242119,44191666
datadog,2024Q1,2024-02-23,54,1071285,45262951
datadog,2024Q1,2024-02-24,55,203675,45466626
datadog,2024Q1,2024-02-25,56,198871,45665497
datadog,2024Q1,2024-02-26,57,1237383,46902880
datadog,2024Q1,2024-02-27,58,1316106,48218986
datadog,2024Q1,2024-02-28,59,1286634,49505620
datadog,2024Q1,2024-02-29,60,1272022,50777642
datadog,2024Q1,2024-03-01,61,1042508,51820150
datadog,2024Q1,2024-03-02,62,200444,52020594
datadog,2024Q1,2024-03-03,63,185951,52206545
datadog,2024Q1,2024-03-04,64,1186405,53392950
datadog,2024Q1,2024-03-05,65,1238739,54631689
datadog,2024Q1,2024-03-06,66,1238438,55870127
datadog,2024Q1,2024-03-07,67,1292692,57162819
datadog,2024Q1,2024-03-08,68,1032950,58195769
datadog,2024Q1,2024-03-09,69,183729,58379498
datadog,2024Q1,2024-03-10,70,171857,58551355
datadog,2024Q1,2024-03-11,71,1204612,59755967
datadog,2024Q1,2024-03-12,72,1276073,61032040
datadog,2024Q1,2024-03-13,73,1288044,62320084
datadog,2024Q1,2024-03-14,74,1262471,63582555
datadog,2024Q1,2024-03-15,75,1080970,64663525
datadog,2024Q1,2024-03-16,76,169052,64832577
datadog,2024Q1,2024-03-17,77,178881,65011458
datadog,2024Q1,2024-03-18,78,1229295,66240753
datadog,2024Q1,2024-03-19,79,1324125,67564878
datadog,2024Q1,2024-03-20,80,1263119,68827997
datadog,2024Q1,2024-03-21,81,1291867,70119864
datadog,2024Q1,2024-03-22,82,1080998,71200862
datadog,2024Q1,2024-03-23,83,181520,71382382
datadog,2024Q1,2024-03-24,84,183599,71565981
datadog,2024Q1,2024-03-25,85,1218619,72784600
datadog,2024Q1,2024-03-26,86,857105,73641705
datadog,2024Q1,2024-03-27,87,1298774,74940479
datadog,2024Q1,2024-03-28,88,1191762,76132241
datadog,2024Q1,2024-03-29,89,736398,76868639
datadog,2024Q1,2024-03-30,90,158253,77026892
datadog,2024Q1,2024-03-31,91,160294,77187186
datadog,2024Q2,2024-04-01,1,891558,891558
datadog,2024Q2,2024-04-02,2,1270693,2162251
datadog,2024Q2,2024-04-03,3,1320755,3483006
datadog,2024Q2,2024-04-04,4,1299553,4782559
datadog,2024Q2,2024-04-05,5,1071100,5853659
datadog,2024Q2,2024-04-06,6,174174,6027833
datadog,2024Q2,2024-04-07,7,185186,6213019
datadog,2024Q2,2024-04-08,8,1199041,7412060
datadog,2024Q2,2024-04-09,9,1269889,8681949
datadog,2024Q2,2024-04-10,10,1267988,9949937
datadog,2024Q2,2024-04-11,11,1303739,11253676
datadog,2024Q2,2024-04-12,12,1108197,12361873
datadog,2024Q2,2024-04-13,13,169377,12531250
datadog,2024Q2,2024-04-14,14,163615,12694865
datadog,2024Q2,2024-04-15,15,1254224,13949089
datadog,2024Q2,2024-04-16,16,1314277,15263366
datadog,2024Q2,2024-04-17,17,1305665,16569031
datadog,2024Q2,2024-04-18,18,1289520,17858551
datadog,2024Q2,2024-04-19,19,1096371,18954922
datadog,2024Q2,2024-04-20,20,159978,19114900
datadog,2024Q2,2024-04-21,21,165994,19280894
datadog,2024Q2,2024-04-22,22,1244338,20525232
datadog,2024Q2,2024-04-23,23,1312909,21838141
datadog,2024Q2,2024-04-24,24,1352226,23190367
datadog,2024Q2,2024-04-25,25,1289751,24480118
datadog,2024Q2,2024-04-26,26,1092761,25572879
datadog,2024Q2,2024-04-27,27,163420,25736299
datadog,2024Q2,2024-04-28,28,161523,25897822
datadog,2024Q2,2024-04-29,29,1249240,27147062
datadog,2024Q2,2024-04-30,30,1348868,28495930
datadog,2024Q2,2024-05-01,31,974312,29470242
datadog,2024Q2,2024-05-02,32,1235636,30705878
datadog,2024Q2,2024-05-03,33,1024195,31730073
datadog,2024Q2,2024-05-04,34,179202,31909275
datadog,2024Q2,2024-05-05,35,172370,32081645
datadog,2024Q2,2024-05-06,36,1086541,33168186
datadog,2024Q2,2024-05-07,37,1297743,34465929
datadog,2024Q2,2024-05-08,38,1241879,35707808
datadog,2024Q2,2024-05-09,39,1185884,36893692
datadog,2024Q2,2024-05-10,40,1070186,37963878
datadog,2024Q2,2024-05-11,41,190781,38154659
datadog,2024Q2,2024-05-12,42,178044,38332703
datadog,2024Q2,2024-05-13,43,1255197,39587900
datadog,2024Q2,2024-05-14,44,1308318,40896218
datadog,2024Q2,2024-05-15,45,1331763,42227981
datadog,2024Q2,2024-05-16,46,1343993,43571974
datadog,2024Q2,2024-05-17,47,1119632,44691606
datadog,2024Q2,2024-05-18,48,158694,44850300
datadog,2024Q2,2024-05-19,49,161380,45011680
datadog,2024Q2,2024-05-20,50,1108830,46120510
datadog,2024Q2,2024-05-21,51,1366192,47486702
datadog,2024Q2,2024-05-22,52,1367717,48854419
datadog,2024Q2,2024-05-23,53,1299488,50153907
datadog,2024Q2,2024-05-24,54,1105760,51259667
datadog,2024Q2,2024-05-25,55,157995,51417662
datadog,2024Q2,2024-05-26,56,171680,51589342
datadog,2024Q2,2024-05-27,57,788227,52377569
datadog,2024Q2,2024-05-28,58,1279931,53657500
datadog,2024Q2,2024-05-29,59,1345771,55003271
datadog,2024Q2,2024-05-30,60,1255370,56258641
datadog,2024Q2,2024-05-31,61,1121090,57379731
datadog,2024Q2,2024-06-01,62,179298,57559029
datadog,2024Q2,2024-06-02,63,176932,57735961
datadog,2024Q2,2024-06-03,64,1308175,59044136
datadog,2024Q2,2024-06-04,65,1349490,60393626
datadog,2024Q2,2024-06-05,66,1361725,61755351
datadog,2024Q2,2024-06-06,67,1330443,63085794
datadog,2024Q2,2024-06-07,68,1119678,64205472
datadog,2024Q2,2024-06-08,69,166268,64371740
datadog,2024Q2,2024-06-09,70,158464,64530204
datadog,2024Q2,2024-06-10,71,1245052,65775256
datadog,2024Q2,2024-06-11,72,1367556,67142812
datadog,2024Q2,2024-06-12,73,1347901,68490713
datadog,2024Q2,2024-06-13,74,1385356,69876069
datadog,2024Q2,2024-06-14,75,1161367,71037436
datadog,2024Q2,2024-06-15,76,168689,71206125
datadog,2024Q2,2024-06-16,77,170748,71376873
datadog,2024Q2,2024-06-17,78,1237928,72614801
datadog,2024Q2,2024-06-18,79,1382933,73997734
datadog,2024Q2,2024-06-19,80,1057416,75055150
datadog,2024Q2,2024-06-20,81,1292784,76347934
datadog,2024Q2,2024-06-21,82,1141081,77489015
datadog,2024Q2,2024-06-22,83,176915,77665930
datadog,2024Q2,2024-06-23,84,170360,77836290
datadog,2024Q2,2024-06-24,85,1272944,79109234
datadog,2024Q2,2024-06-25,86,1429057,80538291
datadog,2024Q2,2024-06-26,87,1439598,81977889
datadog,2024Q2,2024-06-27,88,1395817,83373706
datadog,2024Q2,2024-06-28,89,1120054,84493760
datadog,2024Q2,2024-06-29,90,156276,84650036
datadog,2024Q2,2024-06-30,91,162976,84813012
datadog,2024Q3,2024-07-01,1,1260156,1260156
datadog,2024Q3,2024-07-02,2,1405938,2666094
datadog,2024Q3,2024-07-03,3,1313101,3979195
datadog,2024Q3,2024-07-04,4,862181,4841376
datadog,2024Q3,2024-07-05,5,793392,5634768
datadog,2024Q3,2024-07-06,6,136578,5771346
datadog,2024Q3,2024-07-07,7,152721,5924067
datadog,2024Q3,2024-07-08,8,1299120,7223187
datadog,2024Q3,2024-07-09,9,1384121,8607308
datadog,2024Q3,2024-07-10,10,1402195,10009503
datadog,2024Q3,2024-07-11,11,1401572,11411075
datadog,2024Q3,2024-07-12,12,1184201,12595276
datadog,2024Q3,2024-07-13,13,164486,12759762
datadog,2024Q3,2024-07-14,14,163619,12923381
datadog,2024Q3,2024-07-15,15,1278129,14201510
datadog,2024Q3,2024-07-16,16,1433648,15635158
datadog,2024Q3,2024-07-17,17,1430088,17065246
datadog,2024Q3,2024-07-18,18,1372324,18437570
datadog,2024Q3,2024-07-19,19,1131812,19569382
datadog,2024Q3,2024-07-20,20,162998,19732380
datadog,2024Q3,2024-07-21,21,166579,19898959
datadog,2024Q3,2024-07-22,22,1326826,21225785
datadog,2024Q3,2024-07-23,23,1444709,22670494
datadog,2024Q3,2024-07-24,24,1432474,24102968
datadog,2024Q3,2024-07-25,25,1393570,25496538
datadog,2024Q3,2024-07-26,26,1155449,26651987
datadog,2024Q3,2024-07-27,27,162060,26814047
datadog,2024Q3,2024-07-28,28,169421,26983468
datadog,2024Q3,2024-07-29,29,1395896,28379364
datadog,2024Q3,2024-07-30,30,1454318,29833682
datadog,2024Q3,2024-07-31,31,1453989,31287671
datadog,2024Q3,2024-08-01,32,1427513,32715184
datadog,2024Q3,2024-08-02,33,1185218,33900402
datadog,2024Q3,2024-08-03,34,174212,34074614
datadog,2024Q3,2024-08-04,35,175469,34250083
datadog,2024Q3,2024-08-05,36,1321699,35571782
datadog,2024Q3,2024-08-06,37,1504816,37076598
datadog,2024Q3,2024-08-07,38,1500903,38577501
datadog,2024Q3,2024-08-08,39,1502188,40079689
datadog,2024Q3,2024-08-09,40,1247025,41326714
datadog,2024Q3,2024-08-10,41,188193,41514907
datadog,2024Q3,2024-08-11,42,193586,41708493
datadog,2024Q3,2024-08-12,43,1358264,43066757
datadog,2024Q3,2024-08-13,44,1522294,44589051
datadog,2024Q3,2024-08-14,45,1450098,46039149
datadog,2024Q3,2024-08-15,46,1225590,47264739
datadog,2024Q3,2024-08-16,47,1186235,48450974
datadog,2024Q3,2024-08-17,48,175969,48626943
datadog,2024Q3,2024-08-18,49,179817,48806760
datadog,2024Q3,2024-08-19,50,1356535,50163295
datadog,2024Q3,2024-08-20,51,1493222,51656517
datadog,2024Q3,2024-08-21,52,1434046,53090563
datadog,2024Q3,2024-08-22,53,1466579,54557142
datadog,2024Q3,2024-08-23,54,1231277,55788419
datadog,2024Q3,2024-08-24,55,179953,55968372
datadog,2024Q3,2024-08-25,56,185752,56154124
datadog,2024Q3,2024-08-26,57,1347757,57501881
datadog,2024Q3,2024-08-27,58,1577143,59079024
datadog,2024Q3,2024-08-28,59,1549496,60628520
datadog,2024Q3,2024-08-29,60,1557430,62185950
datadog,2024Q3,2024-08-30,61,1181834,63367784
datadog,2024Q3,2024-08-31,62,183124,63550908
datadog,2024Q3,2024-09-01,63,195467,63746375
datadog,2024Q3,2024-09-02,64,894716,64641091
datadog,2024Q3,2024-09-03,65,1436140,66077231
datadog,2024Q3,2024-09-04,66,1559974,67637205
datadog,2024Q3,2024-09-05,67,1530348,69167553
datadog,2024Q3,2024-09-06,68,1239784,70407337
datadog,2024Q3,2024-09-07,69,188561,70595898
datadog,2024Q3,2024-09-08,70,192328,70788226
datadog,2024Q3,2024-09-09,71,1380950,72169176
datadog,2024Q3,2024-09-10,72,1505016,73674192
datadog,2024Q3,2024-09-11,73,1478334,75152526
datadog,2024Q3,2024-09-12,74,1543548,76696074
datadog,2024Q3,2024-09-13,75,1271714,77967788
datadog,2024Q3,2024-09-14,76,173336,78141124
datadog,2024Q3,2024-09-15,77,178807,78319931
datadog,2024Q3,2024-09-16,78,1380844,79700775
datadog,2024Q3,2024-09-17,79,1468299,81169074
datadog,2024Q3,2024-09-18,80,1534215,82703289
datadog,2024Q3,2024-09-19,81,1503001,84206290
datadog,2024Q3,2024-09-20,82,1266864,85473154
datadog,2024Q3,2024-09-21,83,181433,85654587
datadog,2024Q3,2024-09-22,84,193844,85848431
datadog,2024Q3,2024-09-23,85,1457687,87306118
datadog,2024Q3,2024-09-24,86,1546394,88852512
datadog,2024Q3,2024-09-25,87,1531966,90384478
datadog,2024Q3,2024-09-26,88,1526906,91911384
datadog,2024Q3,2024-09-27,89,1271188,93182572
datadog,2024Q3,2024-09-28,90,190039,93372611
datadog,2024Q3,2024-09-29,91,206739,93579350
datadog,2024Q3,2024-09-30,92,1426866,95006216
datadog,2024Q4,2024-10-01,1,1476381,1476381
datadog,2024Q4,2024-10-02,2,1443524,2919905
datadog,2024Q4,2024-10-03,3,1429850,4349755
datadog,2024Q4,2024-10-04,4,1265597,5615352
datadog,2024Q4,2024-10-05,5,190211,5805563
datadog,2024Q4,2024-10-06,6,188981,5994544
datadog,2024Q4,2024-10-07,7,1472629,7467173
datadog,2024Q4,2024-10-08,8,1650701,9117874
datadog,2024Q4,2024-10-09,9,1762512,10880386
datadog,2024Q4,2024-10-10,10,1740763,12621149
datadog,2024Q4,2024-10-11,11,1409532,14030681
datadog,2024Q4,2024-10-12,12,212492,14243173
datadog,2024Q4,2024-10-13,13,196603,14439776
datadog,2024Q4,2024-10-14,14,1331034,15770810
datadog,2024Q4,2024-10-15,15,1767461,17538271
datadog,2024Q4,2024-10-16,16,1690019,19228290
datadog,2024Q4,2024-10-17,17,1752976,20981266
datadog,2024Q4,2024-10-18,18,1442186,22423452
datadog,2024Q4,2024-10-19,19,208214,22631666
datadog,2024Q4,2024-10-20,20,207030,22838696
datadog,2024Q4,2024-10-21,21,1666777,24505473
datadog,2024Q4,2024-10-22,22,1785426,26290899
datadog,2024Q4,2024-10-23,23,1752093,28042992
datadog,2024Q4,2024-10-24,24,1584206,29627198
datadog,2024Q4,2024-10-25,25,1514250,31141448
datadog,2024Q4,2024-10-26,26,232913,31374361
datadog,2024Q4,2024-10-27,27,226470,31600831
datadog,2024Q4,2024-10-28,28,1659533,33260364
datadog,2024Q4,2024-10-29,29,1827653,35088017
datadog,2024Q4,2024-10-30,30,1727415,36815432
datadog,2024Q4,2024-10-31,31,1641330,38456762
datadog,2024Q4,2024-11-01,32,1183639,39640401
datadog,2024Q4,2024-11-02,33,216985,39857386
datadog,2024Q4,2024-11-03,34,220270,40077656
datadog,2024Q4,2024-11-04,35,1562731,41640387
datadog,2024Q4,2024-11-05,36,1614111,43254498
datadog,2024Q4,2024-11-06,37,1678926,44933424
datadog,2024Q4,2024-11-07,38,1730089,46663513
datadog,2024Q4,2024-11-08,39,1547974,48211487
datadog,2024Q4,2024-11-09,40,242467,48453954
datadog,2024Q4,2024-11-10,41,229429,48683383
datadog,2024Q4,2024-11-11,42,1316558,49999941
datadog,2024Q4,2024-11-12,43,1739091,51739032
datadog,2024Q4,2024-11-13,44,1854479,53593511
datadog,2024Q4,2024-11-14,45,1629304,55222815
datadog,2024Q4,2024-11-15,46,1549610,56772425
datadog,2024Q4,2024-11-16,47,274590,57047015
datadog,2024Q4,2024-11-17,48,228519,57275534
datadog,2024Q4,2024-11-18,49,1745632,59021166
datadog,2024Q4,2024-11-19,50,1867616,60888782
datadog,2024Q4,2024-11-20,51,1866197,62754979
datadog,2024Q4,2024-11-21,52,1952254,64707233
datadog,2024Q4,2024-11-22,53,1685429,66392662
datadog,2024Q4,2024-11-23,54,269262,66661924
datadog,2024Q4,2024-11-24,55,243061,66904985
datadog,2024Q4,2024-11-25,56,1685254,68590239
datadog,2024Q4,2024-11-26,57,1894466,70484705
datadog,2024Q4,2024-11-27,58,1523705,72008410
datadog,2024Q4,2024-11-28,59,1068163,73076573
datadog,2024Q4,2024-11-29,60,866235,73942808
datadog,2024Q4,2024-11-30,61,150435,74093243
datadog,2024Q4,2024-12-01,62,207455,74300698
datadog,2024Q4,2024-12-02,63,1598877,75899575
datadog,2024Q4,2024-12-03,64,1816754,77716329
datadog,2024Q4,2024-12-04,65,1988826,79705155
datadog,2024Q4,2024-12-05,66,1884765,81589920
datadog,2024Q4,2024-12-06,67,1534371,83124291
datadog,2024Q4,2024-12-07,68,218780,83343071
datadog,2024Q4,2024-12-08,69,196798,83539869
datadog,2024Q4,2024-12-09,70,1738338,85278207
datadog,2024Q4,2024-12-10,71,1818293,87096500
datadog,2024Q4,2024-12-11,72,1716704,88813204
datadog,2024Q4,2024-12-12,73,1727312,90540516
datadog,2024Q4,2024-12-13,74,1372725,91913241
datadog,2024Q4,2024-12-14,75,215138,92128379
datadog,2024Q4,2024-12-15,76,211953,92340332
datadog,2024Q4,2024-12-16,77,1637842,93978174
datadog,2024Q4,2024-12-17,78,1803875,95782049
datadog,2024Q4,2024-12-18,79,1780662,97562711
datadog,2024Q4,2024-12-19,80,1789490,99352201
datadog,2024Q4,2024-12-20,81,1472718,100824919
datadog,2024Q4,2024-12-21,82,208586,101033505
datadog,2024Q4,2024-12-22,83,177331,101210836
datadog,2024Q4,2024-12-23,84,841950,102052786
datadog,2024Q4,2024-12-24,85,563819,102616605
datadog,2024Q4,2024-12-25,86,274820,102891425
datadog,2024Q4,2024-12-26,87,496451,103387876
datadog,2024Q4,2024-12-27,88,555208,103943084
datadog,2024Q4,2024-12-28,89,159682,104102766
datadog,2024Q4,2024-12-29,90,210710,104313476
datadog,2024Q4,2024-12-30,91,664184,104977660
datadog,2024Q4,2024-12-31,92,500777,105478437
datadog,2025Q1,2025-01-01,1,218893,218893
datadog,2025Q1,2025-01-02,2,965666,1184559
datadog,2025Q1,2025-01-03,3,1037197,2221756
datadog,2025Q1,2025-01-04,4,204779,2426535
datadog,2025Q1,2025-01-05,5,192525,2619060
datadog,2025Q1,2025-01-06,6,1353443,3972503
datadog,2025Q1,2025-01-07,7,1549757,5522260
datadog,2025Q1,2025-01-08,8,1668883,7191143
datadog,2025Q1,2025-01-09,9,1671170,8862313
datadog,2025Q1,2025-01-10,10,1545396,10407709
datadog,2025Q1,2025-01-11,11,240144,10647853
datadog,2025Q1,2025-01-12,12,212985,10860838
datadog,2025Q1,2025-01-13,13,1512286,12373124
datadog,2025Q1,2025-01-14,14,1701976,14075100
datadog,2025Q1,2025-01-15,15,1770985,15846085
datadog,2025Q1,2025-01-16,16,1752844,17598929
datadog,2025Q1,2025-01-17,17,1658678,19257607
datadog,2025Q1,2025-01-18,18,252768,19510375
datadog,2025Q1,2025-01-19,19,235436,19745811
datadog,2025Q1,2025-01-20,20,1219076,20964887
datadog,2025Q1,2025-01-21,21,1640096,22604983
datadog,2025Q1,2025-01-22,22,1792360,24397343
datadog,2025Q1,2025-01-23,23,1758308,26155651
datadog,2025Q1,2025-01-24,24,1537429,27693080
datadog,2025Q1,2025-01-25,25,254523,27947603
datadog,2025Q1,2025-01-26,26,227153,28174756
datadog,2025Q1,2025-01-27,27,1635435,29810191
datadog,2025Q1,2025-01-28,28,1764123,31574314
datadog,2025Q1,2025-01-29,29,1723309,33297623
datadog,2025Q1,2025-01-30,30,1667297,34964920
datadog,2025Q1,2025-01-31,31,1503242,36468162
datadog,2025Q1,2025-02-01,32,289115,36757277
datadog,2025Q1,2025-02-02,33,230685,36987962
datadog,2025Q1,2025-02-03,34,1737472,38725434
datadog,2025Q1,2025-02-04,35,1786903,40512337
datadog,2025Q1,2025-02-05,36,1850151,42362488
datadog,2025Q1,2025-02-06,37,1825965,44188453
datadog,2025Q1,2025-02-07,38,1591188,45779641
datadog,2025Q1,2025-02-08,39,249736,46029377
datadog,2025Q1,2025-02-09,40,237548,46266925
datadog,2025Q1,2025-02-10,41,1729995,47996920
datadog,2025Q1,2025-02-11,42,1863113,49860033
datadog,2025Q1,2025-02-12,43,1843260,51703293
datadog,2025Q1,2025-02-13,44,1860879,53564172
datadog,2025Q1,2025-02-14,45,1575107,55139279
datadog,2025Q1,2025-02-15,46,237825,55377104
datadog,2025Q1,2025-02-16,47,253299,55630403
datadog,2025Q1,2025-02-17,48,1300035,56930438
datadog,2025Q1,2025-02-18,49,1806154,58736592
datadog,2025Q1,2025-02-19,50,1907369,60643961
datadog,2025Q1,2025-02-20,51,1817890,62461851
datadog,2025Q1,2025-02-21,52,1626656,64088507
datadog,2025Q1,2025-02-22,53,258963,64347470
datadog,2025Q1,2025-02-23,54,251817,64599287
datadog,2025Q1,2025-02-24,55,1731186,66330473
datadog,2025Q1,2025-02-25,56,1947926,68278399
datadog,2025Q1,2025-02-26,57,1934648,70213047
datadog,2025Q1,2025-02-27,58,1921944,72134991
datadog,2025Q1,2025-02-28,59,1640871,73775862
datadog,2025Q1,2025-03-01,60,328339,74104201
datadog,2025Q1,2025-03-02,61,312452,74416653
datadog,2025Q1,2025-03-03,62,1732430,76149083
datadog,2025Q1,2025-03-04,63,1876330,78025413
datadog,2025Q1,2025-03-05,64,1856578,79881991
datadog,2025Q1,2025-03-06,65,1891655,81773646
datadog,2025Q1,2025-03-07,66,1641208,83414854
datadog,2025Q1,2025-03-08,67,283641,83698495
datadog,2025Q1,2025-03-09,68,270799,83969294
datadog,2025Q1,2025-03-10,69,1799889,85769183
datadog,2025Q1,2025-03-11,70,2042533,87811716
datadog,2025Q1,2025-03-12,71,2030018,89841734
datadog,2025Q1,2025-03-13,72,1981541,91823275
datadog,2025Q1,2025-03-14,73,1596663,93419938
datadog,2025Q1,2025-03-15,74,263315,93683253
datadog,2025Q1,2025-03-16,75,263163,93946416
datadog,2025Q1,2025-03-17,76,1833495,95779911
datadog,2025Q1,2025-03-18,77,1975869,97755780
datadog,2025Q1,2025-03-19,78,1935689,99691469
datadog,2025Q1,2025-03-20,79,1870355,101561824
datadog,2025Q1,2025-03-21,80,1595774,103157598
datadog,2025Q1,2025-03-22,81,242493,103400091
datadog,2025Q1,2025-03-23,82,259913,103660004
datadog,2025Q1,2025-03-24,83,1879160,105539164
datadog,2025Q1,2025-03-25,84,2007838,107547002
datadog,2025Q1,2025-03-26,85,1964370,109511372
datadog,2025Q1,2025-03-27,86,1945669,111457041
datadog,2025Q1,2025-03-28,87,1674168,113131209
datadog,2025Q1,2025-03-29,88,232595,113363804
datadog,2025Q1,2025-03-30,89,269035,113632839
datadog,2025Q1,2025-03-31,90,1797575,115430414
datadog,2025Q2,2025-04-01,1,2056318,2056318
datadog,2025Q2,2025-04-02,2,1930047,3986365
datadog,2025Q2,2025-04-03,3,1871604,5857969
datadog,2025Q2,2025-04-04,4,1571395,7429364
datadog,2025Q2,2025-04-05,5,255866,7685230
datadog,2025Q2,2025-04-06,6,268903,7954133
datadog,2025Q2,2025-04-07,7,1819442,9773575
datadog,2025Q2,2025-04-08,8,2050259,11823834
datadog,2025Q2,2025-04-09,9,1948723,13772557
datadog,2025Q2,2025-04-10,10,1916170,15688727
datadog,2025Q2,2025-04-11,11,1618772,17307499
datadog,2025Q2,2025-04-12,12,248693,17556192
datadog,2025Q2,2025-04-13,13,213199,17769391
datadog,2025Q2,2025-04-14,14,1846496,19615887
datadog,2025Q2,2025-04-15,15,2037661,21653548
datadog,2025Q2,2025-04-16,16,2041240,23694788
datadog,2025Q2,2025-04-17,17,1904606,25599394
datadog,2025Q2,2025-04-18,18,1146184,26745578
datadog,2025Q2,2025-04-19,19,245974,26991552
datadog,2025Q2,2025-04-20,20,239842,27231394
datadog,2025Q2,2025-04-21,21,1355837,28587231
datadog,2025Q2,2025-04-22,22,1979620,30566851
datadog,2025Q2,2025-04-23,23,2018840,32585691
datadog,2025Q2,2025-04-24,24,2014139,34599830
datadog,2025Q2,2025-04-25,25,1670858,36270688
datadog,2025Q2,2025-04-26,26,234868,36505556
datadog,2025Q2,2025-04-27,27,272743,36778299
datadog,2025Q2,2025-04-28,28,1869806,38648105
datadog,2025Q2,2025-04-29,29,2000953,40649058
datadog,2025Q2,2025-04-30,30,1963428,42612486
datadog,2025Q2,2025-05-01,31,1457376,44069862
datadog,2025Q2,2025-05-02,32,1501405,45571267
datadog,2025Q2,2025-05-03,33,255082,45826349
datadog,2025Q2,2025-05-04,34,264484,46090833
datadog,2025Q2,2025-05-05,35,1707745,47798578
datadog,2025Q2,2025-05-06,36,1956455,49755033
datadog,2025Q2,2025-05-07,37,2010131,51765164
datadog,2025Q2,2025-05-08,38,1862998,53628162
datadog,2025Q2,2025-05-09,39,1656071,55284233
datadog,2025Q2,2025-05-10,40,252004,55536237
datadog,2025Q2,2025-05-11,41,245266,55781503
datadog,2025Q2,2025-05-12,42,1887746,57669249
datadog,2025Q2,2025-05-13,43,2033870,59703119
datadog,2025Q2,2025-05-14,44,2039965,61743084
datadog,2025Q2,2025-05-15,45,2011536,63754620
datadog,2025Q2,2025-05-16,46,1713969,65468589
datadog,2025Q2,2025-05-17,47,272797,65741386
datadog,2025Q2,2025-05-18,48,275738,66017124
datadog,2025Q2,2025-05-19,49,1880594,67897718
datadog,2025Q2,2025-05-20,50,2125754,70023472
datadog,2025Q2,2025-05-21,51,2118816,72142288
datadog,2025Q2,2025-05-22,52,2027793,74170081
datadog,2025Q2,2025-05-23,53,1686354,75856435
datadog,2025Q2,2025-05-24,54,265572,76122007
datadog,2025Q2,2025-05-25,55,279640,76401647
datadog,2025Q2,2025-05-26,56,1121567,77523214
datadog,2025Q2,2025-05-27,57,2115153,79638367
datadog,2025Q2,2025-05-28,58,2063619,81701986
datadog,2025Q2,2025-05-29,59,1877857,83579843
datadog,2025Q2,2025-05-30,60,1700861,85280704
datadog,2025Q2,2025-05-31,61,263396,85544100
datadog,2025Q2,2025-06-01,62,266356,85810456
datadog,2025Q2,2025-06-02,63,1899378,87709834
datadog,2025Q2,2025-06-03,64,2104526,89814360
datadog,2025Q2,2025-06-04,65,2088545,91902905
datadog,2025Q2,2025-06-05,66,1998673,93901578
datadog,2025Q2,2025-06-06,67,1668277,95569855
datadog,2025Q2,2025-06-07,68,276040,95845895
datadog,2025Q2,2025-06-08,69,278068,96123963
datadog,2025Q2,2025-06-09,70,1713472,97837435
datadog,2025Q2,2025-06-10,71,2029649,99867084
datadog,2025Q2,2025-06-11,72,2072163,101939247
datadog,2025Q2,2025-06-12,73,1865363,103804610
datadog,2025Q2,2025-06-13,74,1775767,105580377
datadog,2025Q2,2025-06-14,75,301019,105881396
datadog,2025Q2,2025-06-15,76,311101,106192497
datadog,2025Q2,2025-06-16,77,2042484,108234981
datadog,2025Q2,2025-06-17,78,2159411,110394392
datadog,2025Q2,2025-06-18,79,2391801,112786193
datadog,2025Q2,2025-06-19,80,1402255,114188448
datadog,2025Q2,2025-06-20,81,1548828,115737276
datadog,2025Q2,2025-06-21,82,320327,116057603
datadog,2025Q2,2025-06-22,83,327544,116385147
datadog,2025Q2,2025-06-23,84,2018387,118403534
datadog,2025Q2,2025-06-24,85,2154442,120557976
datadog,2025Q2,2025-06-25,86,2080921,122638897
datadog,2025Q2,2025-06-26,87,2009643,124648540
datadog,2025Q2,2025-06-27,88,1744428,126392968
datadog,2025Q2,2025-06-28,89,299507,126692475
datadog,2025Q2,2025-06-29,90,295481,126987956
datadog,2025Q2,2025-06-30,91,1897269,128885225
datadog,2025Q3,2025-07-01,1,2000557,2000557
datadog,2025Q3,2025-07-02,2,2084259,4084816
datadog,2025Q3,2025-07-03,3,1882526,5967342
datadog,2025Q3,2025-07-04,4,1104610,7071952
datadog,2025Q3,2025-07-05,5,229148,7301100
datadog,2025Q3,2025-07-06,6,274708,7575808
datadog,2025Q3,2025-07-07,7,1926598,9502406
datadog,2025Q3,2025-07-08,8,2102608,11605014
datadog,2025Q3,2025-07-09,9,2008036,13613050
datadog,2025Q3,2025-07-10,10,1992675,15605725
datadog,2025Q3,2025-07-11,11,1732112,17337837
datadog,2025Q3,2025-07-12,12,258481,17596318
datadog,2025Q3,2025-07-13,13,264690,17861008
datadog,2025Q3,2025-07-14,14,1851737,19712745
datadog,2025Q3,2025-07-15,15,2084881,21797626
datadog,2025Q3,2025-07-16,16,2067803,23865429
datadog,2025Q3,2025-07-17,17,2040472,25905901
datadog,2025Q3,2025-07-18,18,1717709,27623610
datadog,2025Q3,2025-07-19,19,285602,27909212
datadog,2025Q3,2025-07-20,20,283294,28192506
datadog,2025Q3,2025-07-21,21,1931150,30123656
datadog,2025Q3,2025-07-22,22,2179412,32303068
datadog,2025Q3,2025-07-23,23,2146266,34449334
datadog,2025Q3,2025-07-24,24,2054676,36504010
datadog,2025Q3,2025-07-25,25,1716466,38220476
datadog,2025Q3,2025-07-26,26,253039,38473515
datadog,2025Q3,2025-07-27,27,279643,38753158
datadog,2025Q3,2025-07-28,28,1941932,40695090
datadog,2025Q3,2025-07-29,29,2110643,42805733
datadog,2025Q3,2025-07-30,30,2088470,44894203
datadog,2025Q3,2025-07-31,31,2020665,46914868
datadog,2025Q3,2025-08-01,32,1703708,48618576
datadog,2025Q3,2025-08-02,33,275655,48894231
datadog,2025Q3,2025-08-03,34,292475,49186706
datadog,2025Q3,2025-08-04,35,1884913,51071619
datadog,2025Q3,2025-08-05,36,2042291,53113910
datadog,2025Q3,2025-08-06,37,2116176,55230086
datadog,2025Q3,2025-08-07,38,2035729,57265815
datadog,2025Q3,2025-08-08,39,1739349,59005164
datadog,2025Q3,2025-08-09,40,272154,59277318
datadog,2025Q3,2025-08-10,41,329111,59606429
datadog,2025Q3,2025-08-11,42,1921392,61527821
datadog,2025Q3,2025-08-12,43,2108659,63636480
datadog,2025Q3,2025-08-13,44,2122047,65758527
datadog,2025Q3,2025-08-14,45,2023315,67781842
datadog,2025Q3,2025-08-15,46,1568160,69350002
datadog,2025Q3,2025-08-16,47,269567,69619569
datadog,2025Q3,2025-08-17,48,278469,69898038
datadog,2025Q3,2025-08-18,49,1994672,71892710
datadog,2025Q3,2025-08-19,50,2178927,74071637
datadog,2025Q3,2025-08-20,51,2194755,76266392
datadog,2025Q3,2025-08-21,52,2148641,78415033
datadog,2025Q3,2025-08-22,53,1857004,80272037
datadog,2025Q3,2025-08-23,54,308506,80580543
datadog,2025Q3,2025-08-24,55,338945,80919488
datadog,2025Q3,2025-08-25,56,1922977,82842465
datadog,2025Q3,2025-08-26,57,2147451,84989916
datadog,2025Q3,2025-08-27,58,2172370,87162286
datadog,2025Q3,2025-08-28,59,2120680,89282966
datadog,2025Q3,2025-08-29,60,1726925,91009891
datadog,2025Q3,2025-08-30,61,268143,91278034
datadog,2025Q3,2025-08-31,62,314622,91592656
datadog,2025Q3,2025-09-01,63,1273165,92865821
datadog,2025Q3,2025-09-02,64,2033153,94898974
datadog,2025Q3,2025-09-03,65,2216563,97115537
datadog,2025Q3,2025-09-04,66,2167507,99283044
datadog,2025Q3,2025-09-05,67,1813894,101096938
datadog,2025Q3,2025-09-06,68,310562,101407500
datadog,2025Q3,2025-09-07,69,337476,101744976
datadog,2025Q3,2025-09-08,70,2112703,103857679
datadog,2025Q3,2025-09-09,71,2256115,106113794
datadog,2025Q3,2025-09-10,72,2253197,108366991
datadog,2025Q3,2025-09-11,73,2181427,110548418
datadog,2025Q3,2025-09-12,74,1838118,112386536
datadog,2025Q3,2025-09-13,75,323817,112710353
datadog,2025Q3,2025-09-14,76,338579,113048932
datadog,2025Q3,2025-09-15,77,2073106,115122038
datadog,2025Q3,2025-09-16,78,2237105,117359143
datadog,2025Q3,2025-09-17,79,2251773,119610916
datadog,2025Q3,2025-09-18,80,2206771,121817687
datadog,2025Q3,2025-09-19,81,1961194,123778881
datadog,2025Q3,2025-09-20,82,315335,124094216
datadog,2025Q3,2025-09-21,83,308753,124402969
datadog,2025Q3,2025-09-22,84,2121731,126524700
datadog,2025Q3,2025-09-23,85,2134327,128659027
datadog,2025Q3,2025-09-24,86,2193429,130852456
datadog,2025Q3,2025-09-25,87,2354192,133206648
datadog,2025Q3,2025-09-26,88,1959913,135166561
datadog,2025Q3,2025-09-27,89,312401,135478962
datadog,2025Q3,2025-09-28,90,348957,135827919
datadog,2025Q3,2025-09-29,91,2242823,138070742
datadog,2025Q3,2025-09-30,92,2373733,140444475
datadog,2025Q4,2025-10-01,1,2266713,2266713
datadog,2025Q4,2025-10-02,2,2124142,4390855
datadog,2025Q4,2025-10-03,3,1874428,6265283
datadog,2025Q4,2025-10-04,4,315346,6580629
datadog,2025Q4,2025-10-05,5,314877,6895506
datadog,2025Q4,2025-10-06,6,2099727,8995233
datadog,2025Q4,2025-10-07,7,2295681,11290914
datadog,2025Q4,2025-10-08,8,2366103,13657017
datadog,2025Q4,2025-10-09,9,2242256,15899273
datadog,2025Q4,2025-10-10,10,1939921,17839194
datadog,2025Q4,2025-10-11,11,339906,18179100
datadog,2025Q4,2025-10-12,12,301646,18480746
datadog,2025Q4,2025-10-13,13,1825852,20306598
datadog,2025Q4,2025-10-14,14,2291647,22598245
datadog,2025Q4,2025-10-15,15,2375049,24973294
datadog,2025Q4,2025-10-16,16,2357444,27330738
datadog,2025Q4,2025-10-17,17,2038466,29369204
datadog,2025Q4,2025-10-18,18,284678,29653882
datadog,2025Q4,2025-10-19,19,357729,30011611
datadog,2025Q4,2025-10-20,20,1879143,31890754
datadog,2025Q4,2025-10-21,21,1861039,33751793
datadog,2025Q4,2025-10-22,22,2516951,36268744
datadog,2025Q4,2025-10-23,23,2368682,38637426
datadog,2025Q4,2025-10-24,24,2083500,40720926
datadog,2025Q4,2025-10-25,25,350768,41071694
datadog,2025Q4,2025-10-26,26,364653,41436347
datadog,2025Q4,2025-10-27,27,2353273,43789620
datadog,2025Q4,2025-10-28,28,2526454,46316074
datadog,2025Q4,2025-10-29,29,2445704,48761778
datadog,2025Q4,2025-10-30,30,2438832,51200610
datadog,2025Q4,2025-10-31,31,2056245,53256855
datadog,2025Q4,2025-11-01,32,360691,53617546
datadog,2025Q4,2025-11-02,33,362154,53979700
datadog,2025Q4,2025-11-03,34,2310421,56290121
datadog,2025Q4,2025-11-04,35,2512573,58802694
datadog,2025Q4,2025-11-05,36,2508726,61311420
datadog,2025Q4,2025-11-06,37,2516414,63827834
datadog,2025Q4,2025-11-07,38,2201352,66029186
datadog,2025Q4,2025-11-08,39,388317,66417503
datadog,2025Q4,2025-11-09,40,411075,66828578
datadog,2025Q4,2025-11-10,41,2361358,69189936
datadog,2025Q4,2025-11-11,42,2213044,71402980
datadog,2025Q4,2025-11-12,43,2637549,74040529
datadog,2025Q4,2025-11-13,44,2663389,76703918
datadog,2025Q4,2025-11-14,45,2296607,79000525
datadog,2025Q4,2025-11-15,46,435426,79435951
datadog,2025Q4,2025-11-16,47,441108,79877059
datadog,2025Q4,2025-11-17,48,2593675,82470734
datadog,2025Q4,2025-11-18,49,2702508,85173242
datadog,2025Q4,2025-11-19,50,2901490,88074732
datadog,2025Q4,2025-11-20,51,2715509,90790241
datadog,2025Q4,2025-11-21,52,2291466,93081707
datadog,2025Q4,2025-11-22,53,458545,93540252
datadog,2025Q4,2025-11-23,54,437213,93977465
datadog,2025Q4,2025-11-24,55,2382880,96360345
datadog,2025Q4,2025-11-25,56,2599500,98959845
datadog,2025Q4,2025-11-26,57,2370190,101330035
datadog,2025Q4,2025-11-27,58,1733530,103063565
datadog,2025Q4,2025-11-28,59,1322487,104386052
datadog,2025Q4,2025-11-29,60,270297,104656349
datadog,2025Q4,2025-11-30,61,386104,105042453
datadog,2025Q4,2025-12-01,62,2344403,107386856
datadog,2025Q4,2025-12-02,63,2667383,110054239
datadog,2025Q4,2025-12-03,64,2677555,112731794
datadog,2025Q4,2025-12-04,65,2731910,115463704
datadog,2025Q4,2025-12-05,66,2216219,117679923
datadog,2025Q4,2025-12-06,67,404306,118084229
datadog,2025Q4,2025-12-07,68,470907,118555136
datadog,2025Q4,2025-12-08,69,2455912,121011048
datadog,2025Q4,2025-12-09,70,2787495,123798543
datadog,2025Q4,2025-12-10,71,2819848,126618391
datadog,2025Q4,2025-12-11,72,2765333,129383724
datadog,2025Q4,2025-12-12,73,2287462,131671186
datadog,2025Q4,2025-12-13,74,393703,132064889
datadog,2025Q4,2025-12-14,75,400243,132465132
datadog,2025Q4,2025-12-15,76,2629315,135094447
datadog,2025Q4,2025-12-16,77,2818804,137913251
datadog,2025Q4,2025-12-17,78,2693931,140607182
datadog,2025Q4,2025-12-18,79,2580352,143187534
datadog,2025Q4,2025-12-19,80,2138187,145325721
datadog,2025Q4,2025-12-20,81,431902,145757623
datadog,2025Q4,2025-12-21,82,411587,146169210
datadog,2025Q4,2025-12-22,83,1833270,148002480
datadog,2025Q4,2025-12-23,84,1729846,149732326
datadog,2025Q4,2025-12-24,85,1019466,150751792
datadog,2025Q4,2025-12-25,86,464483,151216275
datadog,2025Q4,2025-12-26,87,608753,151825028
datadog,2025Q4,2025-12-27,88,232135,152057163
datadog,2025Q4,2025-12-28,89,321843,152379006
datadog,2025Q4,2025-12-29,90,1195616,153574622
datadog,2025Q4,2025-12-30,91,1207910,154782532
datadog,2025Q4,2025-12-31,92,895042,155677574
datadog,2026Q1,2026-01-01,1,411755,411755
datadog,2026Q1,2026-01-02,2,973989,1385744
datadog,2026Q1,2026-01-03,3,303315,1689059
datadog,2026Q1,2026-01-04,4,401972,2091031
datadog,2026Q1,2026-01-05,5,2362387,4453418
datadog,2026Q1,2026-01-06,6,2538850,6992268
datadog,2026Q1,2026-01-07,7,2693406,9685674
datadog,2026Q1,2026-01-08,8,2813641,12499315
datadog,2026Q1,2026-01-09,9,2493577,14992892
datadog,2026Q1,2026-01-10,10,455569,15448461
datadog,2026Q1,2026-01-11,11,439910,15888371
datadog,2026Q1,2026-01-12,12,2657820,18546191
datadog,2026Q1,2026-01-13,13,3226117,21772308
datadog,2026Q1,2026-01-14,14,3099315,24871623
datadog,2026Q1,2026-01-15,15,3024970,27896593
datadog,2026Q1,2026-01-16,16,2679428,30576021
datadog,2026Q1,2026-01-17,17,512250,31088271
datadog,2026Q1,2026-01-18,18,490596,31578867
datadog,2026Q1,2026-01-19,19,2114233,33693100
datadog,2026Q1,2026-01-20,20,3067800,36760900
datadog,2026Q1,2026-01-21,21,3337486,40098386
datadog,2026Q1,2026-01-22,22,3244484,43342870
datadog,2026Q1,2026-01-23,23,2805705,46148575
datadog,2026Q1,2026-01-24,24,527216,46675791
datadog,2026Q1,2026-01-25,25,539985,47215776
datadog,2026Q1,2026-01-26,26,2838625,50054401
datadog,2026Q1,2026-01-27,27,3335623,53390024
datadog,2026Q1,2026-01-28,28,3426096,56816120
datadog,2026Q1,2026-01-29,29,3281133,60097253
datadog,2026Q1,2026-01-30,30,2866539,62963792
datadog,2026Q1,2026-01-31,31,610082,63573874
datadog,2026Q1,2026-02-01,32,631112,64204986
datadog,2026Q1,2026-02-02,33,2878680,67083666
datadog,2026Q1,2026-02-03,34,3430308,70513974
datadog,2026Q1,2026-02-04,35,3500189,74014163
datadog,2026Q1,2026-02-05,36,3401873,77416036
datadog,2026Q1,2026-02-06,37,2836363,80252399
datadog,2026Q1,2026-02-07,38,603881,80856280
datadog,2026Q1,2026-02-08,39,564803,81421083
datadog,2026Q1,2026-02-09,40,3032254,84453337
datadog,2026Q1,2026-02-10,41,3636211,88089548
datadog,2026Q1,2026-02-11,42,3523708,91613256
datadog,2026Q1,2026-02-12,43,3488019,95101275
datadog,2026Q1,2026-02-13,44,2899437,98000712
datadog,2026Q1,2026-02-14,45,563647,98564359
datadog,2026Q1,2026-02-15,46,552996,99117355
datadog,2026Q1,2026-02-16,47,2203929,101321284
datadog,2026Q1,2026-02-17,48,3049072,104370356
datadog,2026Q1,2026-02-18,49,3389874,107760230
datadog,2026Q1,2026-02-19,50,3511993,111272223
datadog,2026Q1,2026-02-20,51,2975394,114247617
datadog,2026Q1,2026-02-21,52,618316,114865933
datadog,2026Q1,2026-02-22,53,642331,115508264
datadog,2026Q1,2026-02-23,54,3093102,118601366
datadog,2026Q1,2026-02-24,55,3648134,122249500
datadog,2026Q1,2026-02-25,56,3605002,125854502
datadog,2026Q1,2026-02-26,57,3558173,129412675
datadog,2026Q1,2026-02-27,58,3064545,132477220
datadog,2026Q1,2026-02-28,59,621580,133098800
datadog,2026Q1,2026-03-01,60,632515,133731315
datadog,2026Q1,2026-03-02,61,3313751,137045066
datadog,2026Q1,2026-03-03,62,3592061,140637127
datadog,2026Q1,2026-03-04,63,3680887,144318014
datadog,2026Q1,2026-03-05,64,3711907,148029921
datadog,2026Q1,2026-03-06,65,3403904,151433825
datadog,2026Q1,2026-03-07,66,703532,152137357
datadog,2026Q1,2026-03-08,67,644990,152782347
datadog,2026Q1,2026-03-09,68,3558529,156340876
datadog,2026Q1,2026-03-10,69,3917175,160258051
datadog,2026Q1,2026-03-11,70,3899974,164158025
datadog,2026Q1,2026-03-12,71,3776066,167934091
datadog,2026Q1,2026-03-13,72,3363672,171297763
datadog,2026Q1,2026-03-14,73,659937,171957700
datadog,2026Q1,2026-03-15,74,676255,172633955
datadog,2026Q1,2026-03-16,75,3697083,176331038
datadog,2026Q1,2026-03-17,76,4066579,180397617
datadog,2026Q1,2026-03-18,77,4073200,184470817
datadog,2026Q1,2026-03-19,78,3953784,188424601
datadog,2026Q1,2026-03-20,79,3297351,191721952
datadog,2026Q1,2026-03-21,80,746300,192468252
datadog,2026Q1,2026-03-22,81,747515,193215767
datadog,2026Q1,2026-03-23,82,3720937,196936704
datadog,2026Q1,2026-03-24,83,4040525,200977229
datadog,2026Q1,2026-03-25,84,4127994,205105223
datadog,2026Q1,2026-03-26,85,4163177,209268400
datadog,2026Q1,2026-03-27,86,3645706,212914106
datadog,2026Q1,2026-03-28,87,761600,213675706
datadog,2026Q1,2026-03-29,88,734583,214410289
datadog,2026Q1,2026-03-30,89,3838644,218248933
datadog,2026Q1,2026-03-31,90,3834920,222083853
datadog,2026Q2,2026-04-01,1,4017170,4017170
datadog,2026Q2,2026-04-02,2,3698534,7715704
datadog,2026Q2,2026-04-03,3,2474274,10189978
datadog,2026Q2,2026-04-04,4,614804,10804782
datadog,2026Q2,2026-04-05,5,583088,11387870
datadog,2026Q2,2026-04-06,6,2767513,14155383
datadog,2026Q2,2026-04-07,7,3969315,18124698
datadog,2026Q2,2026-04-08,8,4047809,22172507
datadog,2026Q2,2026-04-09,9,4190556,26363063
datadog,2026Q2,2026-04-10,10,3449047,29812110
datadog,2026Q2,2026-04-11,11,668695,30480805
datadog,2026Q2,2026-04-12,12,699293,31180098
datadog,2026Q2,2026-04-13,13,3684236,34864334
datadog,2026Q2,2026-04-14,14,3910968,38775302
datadog,2026Q2,2026-04-15,15,3964665,42739967
datadog,2026Q2,2026-04-16,16,3914614,46654581
datadog,2026Q2,2026-04-17,17,3361284,50015865
datadog,2026Q2,2026-04-18,18,689138,50705003
datadog,2026Q2,2026-04-19,19,692538,51397541
datadog,2026Q2,2026-04-20,20,3578408,54975949
datadog,2026Q2,2026-04-21,21,3956971,58932920
datadog,2026Q2,2026-04-22,22,3921150,62854070
datadog,2026Q2,2026-04-23,23,3876899,66730969
datadog,2026Q2,2026-04-24,24,3428835,70159804
datadog,2026Q2,2026-04-25,25,725837,70885641
datadog,2026Q2,2026-04-26,26,739204,71624845
datadog,2026Q2,2026-04-27,27,3764217,75389062
datadog,2026Q2,2026-04-28,28,4201973,79591035
datadog,2026Q2,2026-04-29,29,4118914,83709949
datadog,2026Q2,2026-04-30,30,4063574,87773523
datadog,2026Q2,2026-05-01,31,2792277,90565800
datadog,2026Q2,2026-05-02,32,768551,91334351
datadog,2026Q2,2026-05-03,33,782334,92116685
datadog,2026Q2,2026-05-04,34,3634725,95751410
datadog,2026Q2,2026-05-05,35,4151648,99903058
datadog,2026Q2,2026-05-06,36,4250794,104153852
datadog,2026Q2,2026-05-07,37,4405501,108559353
datadog,2026Q2,2026-05-08,38,3700546,112259899
datadog,2026Q2,2026-05-09,39,828717,113088616
datadog,2026Q2,2026-05-10,40,810382,113898998
datadog,2026Q2,2026-05-11,41,4180735,118079733
datadog,2026Q2,2026-05-12,42,4405637,122485370
datadog,2026Q2,2026-05-13,43,3446795,125932165
datadog,2026Q2,2026-05-14,44,3938495,129870660
datadog,2026Q2,2026-05-15,45,3454571,133325231
datadog,2026Q2,2026-05-16,46,769915,134095146
datadog,2026Q2,2026-05-17,47,714934,134810080
datadog,2026Q2,2026-05-18,48,3869665,138679745
datadog,2026Q2,2026-05-19,49,4384378,143064123
datadog,2026Q2,2026-05-20,50,4353000,147417123
datadog,2026Q2,2026-05-21,51,4208098,151625221
datadog,2026Q2,2026-05-22,52,3605956,155231177
datadog,2026Q2,2026-05-23,53,735553,155966730
datadog,2026Q2,2026-05-24,54,727670,156694400
datadog,2026Q2,2026-05-25,55,2102754,158797154
datadog,2026Q2,2026-05-26,56,3800296,162597450
datadog,2026Q2,2026-05-27,57,4201516,166798966
datadog,2026Q2,2026-05-28,58,4200058,170999024
datadog,2026Q2,2026-05-29,59,3696899,174695923
datadog,2026Q2,2026-05-30,60,781001,175476924
datadog,2026Q2,2026-05-31,61,719639,176196563
datadog,2026Q2,2026-06-01,62,3975636,180172199
datadog,2026Q2,2026-06-02,63,4413656,184585855
datadog,2026Q2,2026-06-03,64,1423309,186009164
datadog,2026Q2,2026-06-04,65,4258728,190267892
datadog,2026Q2,2026-06-05,66,2812661,193080553
datadog,2026Q2,2026-06-06,67,808128,193888681
datadog,2026Q2,2026-06-07,68,725125,194613806
datadog,2026Q2,2026-06-08,69,3957488,198571294
datadog,2026Q2,2026-06-09,70,4531943,203103237
datadog,2026Q2,2026-06-10,71,3989985,207093222
datadog,2026Q2,2026-06-11,72,4601319,211694541
datadog,2026Q2,2026-06-12,73,3962084,215656625
datadog,2026Q2,2026-06-13,74,889833,216546458
datadog,2026Q2,2026-06-14,75,867457,217413915
datadog,2026Q2,2026-06-15,76,4218171,221632086
datadog,2026Q2,2026-06-16,77,4723714,226355800
datadog,2026Q2,2026-06-17,78,4591652,230947452
datadog,2026Q2,2026-06-18,79,4677497,235624949
datadog,2026Q2,2026-06-19,80,3023383,238648332
datadog,2026Q2,2026-06-20,81,804018,239452350
datadog,2026Q2,2026-06-21,82,837074,240289424
datadog,2026Q2,2026-06-22,83,4320086,244609510
datadog,2026Q2,2026-06-23,84,4762461,249371971
datadog,2026Q2,2026-06-24,85,4718130,254090101
datadog,2026Q2,2026-06-25,86,4176519,258266620
datadog,2026Q2,2026-06-26,87,4069239,262335859
datadog,2026Q2,2026-06-27,88,942100,263277959
datadog,2026Q2,2026-06-28,89,910844,264188803
datadog,2026Q2,2026-06-29,90,4225050,268413853
datadog,2026Q2,2026-06-30,91,4696632,273110485
datadog,2026Q3,2026-07-01,1,4382275,4382275
datadog,2026Q3,2026-07-02,2,4274713,8656988
datadog,2026Q3,2026-07-03,3,2491429,11148417
datadog,2026Q3,2026-07-04,4,641942,11790359
datadog,2026Q3,2026-07-05,5,705934,12496293
datadog,2026Q3,2026-07-06,6,4247492,16743785
datadog,2026Q3,2026-07-07,7,4777121,21520906
datadog,2026Q3,2026-07-08,8,4974380,26495286
datadog,2026Q3,2026-07-09,9,4085368,30580654
datadog,2026Q3,2026-07-10,10,3931536,34512190
datadog,2026Q3,2026-07-11,11,790477,35302667
datadog,2026Q3,2026-07-12,12,0,35302667
datadog,2026Q3,2026-07-13,13,4311319,39613986
datadog,2026Q3,2026-07-14,14,4721580,44335566
datadog,2026Q3,2026-07-15,15,4798636,49134202
datadog,2026Q3,2026-07-16,16,4612045,53746247
datadog,2026Q3,2026-07-17,17,4074554,57820801
datadog,2026Q3,2026-07-18,18,895613,58716414
datadog,2026Q3,2026-07-19,19,780347,59496761
datadog,2026Q3,2026-07-20,20,4306427,63803188
datadog,2026Q3,2026-07-21,21,5097545,68900733
datadog,2026Q3,2026-07-22,22,5143246,74043979
datadog,2026Q3,2026-07-23,23,5063303,79107282
datadog,2026Q3,2026-07-24,24,4401635,83508917
datadog,2026Q3,2026-07-25,25,1014409,84523326
datadog,2026Q3,2026-07-26,26,783019,85306345
datadog,2026Q3,2026-07-27,27,4700247,90006592
datadog,2026Q3,2026-07-28,28,5262219,95268811
datadog,2026Q3,2026-07-29,29,5141594,100410405
datadog,2026Q3,2026-07-30,30,5324961,105735366
datadog,2026Q3,2026-07-31,31,4431731,110167097
datadog,2026Q3,2026-08-01,32,988132,111155229
datadog,2026Q3,2026-08-02,33,881883,112037112
datadog,2026Q3,2026-08-03,34,4431113,116468225
datadog,2026Q3,2026-08-04,35,5164878,121633103
datadog,2026Q3,2026-08-05,36,5155089,126788192
datadog,2026Q3,2026-08-06,37,4020063,130808255
datadog,2026Q3,2026-08-07,38,4898924,135707179
datadog,2026Q3,2026-08-08,39,1145708,136852887
datadog,2026Q3,2026-08-09,40,1096030,137948917
datadog,2026Q3,2026-08-10,41,4882168,142831085
datadog,2026Q3,2026-08-11,42,2022872,144853957
datadog,2026Q3,2026-08-12,43,5184980,150038937
datadog,2026Q3,2026-08-13,44,0,150038937
